site_pair_id,sample,year,property,value
PAIR_001,HJA_155_2016,2016,NOSC,-0.4555016914493
PAIR_001,HJA_155_2016,2016,O:C ratio,0.443761686352635
PAIR_001,HJA_155_2016,2016,H:C ratio,1.37766428362282
PAIR_001,HJA_155_2016,2016,AI_Mod,0.21922303595421
PAIR_001,HJA_155_2016,2016,DBE,7.28520499108734
PAIR_001,HJA_155_2016,2016,lambdaO2,0.0517787428466669
PAIR_002,HJA_156_2016,2016,NOSC,-0.546689601134105
PAIR_002,HJA_156_2016,2016,O:C ratio,0.427894685028105
PAIR_002,HJA_156_2016,2016,H:C ratio,1.43234324771436
PAIR_002,HJA_156_2016,2016,AI_Mod,0.203724070047855
PAIR_002,HJA_156_2016,2016,DBE,6.34648370497427
PAIR_002,HJA_156_2016,2016,lambdaO2,0.0531513725356185
PAIR_003,HJA_162_2016,2016,NOSC,-0.467170480179895
PAIR_003,HJA_162_2016,2016,O:C ratio,0.436599877092966
PAIR_003,HJA_162_2016,2016,H:C ratio,1.36682554042061
PAIR_003,HJA_162_2016,2016,AI_Mod,0.224652485638031
PAIR_003,HJA_162_2016,2016,DBE,7.46561108362197
PAIR_003,HJA_162_2016,2016,lambdaO2,0.0506706443957781
PAIR_004,HJA_164_2016,2016,NOSC,-0.581896330697896
PAIR_004,HJA_164_2016,2016,O:C ratio,0.330970395813707
PAIR_004,HJA_164_2016,2016,H:C ratio,1.38548433956283
PAIR_004,HJA_164_2016,2016,AI_Mod,0.234658896993219
PAIR_004,HJA_164_2016,2016,DBE,8.22064869803563
PAIR_004,HJA_164_2016,2016,lambdaO2,0.0463081597590025
PAIR_005,HJA_165_2016,2016,NOSC,-0.50509912766858
PAIR_005,HJA_165_2016,2016,O:C ratio,0.414754236933921
PAIR_005,HJA_165_2016,2016,H:C ratio,1.38214354645603
PAIR_005,HJA_165_2016,2016,AI_Mod,0.223959550061266
PAIR_005,HJA_165_2016,2016,DBE,7.7639405204461
PAIR_005,HJA_165_2016,2016,lambdaO2,0.0471997851606002
PAIR_006,HJA_169_2016,2016,NOSC,-0.379575355148815
PAIR_006,HJA_169_2016,2016,O:C ratio,0.394167236393825
PAIR_006,HJA_169_2016,2016,H:C ratio,1.28244114437759
PAIR_006,HJA_169_2016,2016,AI_Mod,0.274337449840296
PAIR_006,HJA_169_2016,2016,DBE,9.15535568274734
PAIR_006,HJA_169_2016,2016,lambdaO2,0.0503071503870221
PAIR_007,HJA_170_2016,2016,NOSC,-0.429641624887482
PAIR_007,HJA_170_2016,2016,O:C ratio,0.34093198262826
PAIR_007,HJA_170_2016,2016,H:C ratio,1.25703728618754
PAIR_007,HJA_170_2016,2016,AI_Mod,0.29300802643692
PAIR_007,HJA_170_2016,2016,DBE,9.87628405538187
PAIR_007,HJA_170_2016,2016,lambdaO2,0.046388734566391
PAIR_008,HJA_177_2016,2016,NOSC,-0.463923099569265
PAIR_008,HJA_177_2016,2016,O:C ratio,0.389050503158632
PAIR_008,HJA_177_2016,2016,H:C ratio,1.33596467022151
PAIR_008,HJA_177_2016,2016,AI_Mod,0.253928182506497
PAIR_008,HJA_177_2016,2016,DBE,8.18690248565966
PAIR_008,HJA_177_2016,2016,lambdaO2,0.0501654679599911
PAIR_009,HJA_178_2016,2016,NOSC,-0.498538806775056
PAIR_009,HJA_178_2016,2016,O:C ratio,0.399281251711847
PAIR_009,HJA_178_2016,2016,H:C ratio,1.38076650380966
PAIR_009,HJA_178_2016,2016,AI_Mod,0.230357167608891
PAIR_009,HJA_178_2016,2016,DBE,7.84016563146998
PAIR_009,HJA_178_2016,2016,lambdaO2,0.0500397263825134
PAIR_010,HJA_190_2016,2016,NOSC,-0.472147070838764
PAIR_010,HJA_190_2016,2016,O:C ratio,0.42320523085114
PAIR_010,HJA_190_2016,2016,H:C ratio,1.41232778648417
PAIR_010,HJA_190_2016,2016,AI_Mod,0.212735852537975
PAIR_010,HJA_190_2016,2016,DBE,6.96905124302385
PAIR_010,HJA_190_2016,2016,lambdaO2,0.0532003866130064
PAIR_011,HJA_192_2016,2016,NOSC,-0.527672093443996
PAIR_011,HJA_192_2016,2016,O:C ratio,0.443393490200311
PAIR_011,HJA_192_2016,2016,H:C ratio,1.41295279622693
PAIR_011,HJA_192_2016,2016,AI_Mod,0.202627861278846
PAIR_011,HJA_192_2016,2016,DBE,7.06418604651163
PAIR_011,HJA_192_2016,2016,lambdaO2,0.0500250646015083
PAIR_012,HJA_45_2016,2016,NOSC,-0.548867437158194
PAIR_012,HJA_45_2016,2016,O:C ratio,0.409206900966537
PAIR_012,HJA_45_2016,2016,H:C ratio,1.45905815008628
PAIR_012,HJA_45_2016,2016,AI_Mod,0.184028856298971
PAIR_012,HJA_45_2016,2016,DBE,6.44018643190057
PAIR_012,HJA_45_2016,2016,lambdaO2,0.052224789805811
PAIR_013,HJA_47_2016,2016,NOSC,-0.481612027890643
PAIR_013,HJA_47_2016,2016,O:C ratio,0.448071873883651
PAIR_013,HJA_47_2016,2016,H:C ratio,1.38040448008074
PAIR_013,HJA_47_2016,2016,AI_Mod,0.219802117577252
PAIR_013,HJA_47_2016,2016,DBE,7.10384615384615
PAIR_013,HJA_47_2016,2016,lambdaO2,0.0511106590120888
PAIR_014,HJA_49_2016,2016,NOSC,-0.487638282502723
PAIR_014,HJA_49_2016,2016,O:C ratio,0.426739594358199
PAIR_014,HJA_49_2016,2016,H:C ratio,1.41401023482158
PAIR_014,HJA_49_2016,2016,AI_Mod,0.202206563014811
PAIR_014,HJA_49_2016,2016,DBE,7.04289044289044
PAIR_014,HJA_49_2016,2016,lambdaO2,0.0521259912723242
PAIR_015,HJA_53_2016,2016,NOSC,-0.485479900923845
PAIR_015,HJA_53_2016,2016,O:C ratio,0.415865530418312
PAIR_015,HJA_53_2016,2016,H:C ratio,1.41576495488543
PAIR_015,HJA_53_2016,2016,AI_Mod,0.208136882119251
PAIR_015,HJA_53_2016,2016,DBE,7.05901189387008
PAIR_015,HJA_53_2016,2016,lambdaO2,0.0515366917098226
PAIR_016,HJA_54_2016,2016,NOSC,-0.56823582962127706
PAIR_016,HJA_54_2016,2016,O:C ratio,0.426016647950535
PAIR_016,HJA_54_2016,2016,H:C ratio,1.47320386828608
PAIR_016,HJA_54_2016,2016,AI_Mod,0.178366308288316
PAIR_016,HJA_54_2016,2016,DBE,6.19404693760733
PAIR_016,HJA_54_2016,2016,lambdaO2,0.0521390134233946
PAIR_017,HJA_55_2016,2016,NOSC,-0.749498854891141
PAIR_017,HJA_55_2016,2016,O:C ratio,0.387208848100546
PAIR_017,HJA_55_2016,2016,H:C ratio,1.53202034257668
PAIR_017,HJA_55_2016,2016,AI_Mod,0.162809478491666
PAIR_017,HJA_55_2016,2016,DBE,5.82976827094474
PAIR_017,HJA_55_2016,2016,lambdaO2,0.048437957464258
PAIR_018,HJA_56_2016,2016,NOSC,-0.772317401297653
PAIR_018,HJA_56_2016,2016,O:C ratio,0.40171264908754
PAIR_018,HJA_56_2016,2016,H:C ratio,1.56539718662536
PAIR_018,HJA_56_2016,2016,AI_Mod,0.145985893668259
PAIR_018,HJA_56_2016,2016,DBE,5.38197424892704
PAIR_018,HJA_56_2016,2016,lambdaO2,0.0492389873243607
PAIR_019,HJA_58_2016,2016,NOSC,-0.449027310603636
PAIR_019,HJA_58_2016,2016,O:C ratio,0.449049373009774
PAIR_019,HJA_58_2016,2016,H:C ratio,1.38835135489214
PAIR_019,HJA_58_2016,2016,AI_Mod,0.212567835249205
PAIR_019,HJA_58_2016,2016,DBE,7.21049974760222
PAIR_019,HJA_58_2016,2016,lambdaO2,0.0523017790077092
PAIR_020,HJA_60_2016,2016,NOSC,-0.591314732182043
PAIR_020,HJA_60_2016,2016,O:C ratio,0.402999098338561
PAIR_020,HJA_60_2016,2016,H:C ratio,1.47129603615485
PAIR_020,HJA_60_2016,2016,AI_Mod,0.181426835559788
PAIR_020,HJA_60_2016,2016,DBE,6.39770554493308
PAIR_020,HJA_60_2016,2016,lambdaO2,0.0507685491586804
PAIR_021,HJA_64_2016,2016,NOSC,-0.472048930454912
PAIR_021,HJA_64_2016,2016,O:C ratio,0.381947122160316
PAIR_021,HJA_64_2016,2016,H:C ratio,1.33101168226205
PAIR_021,HJA_64_2016,2016,AI_Mod,0.245541245459704
PAIR_021,HJA_64_2016,2016,DBE,8.85012994513428
PAIR_021,HJA_64_2016,2016,lambdaO2,0.0461094160280168
PAIR_022,HJA_65_2016,2016,NOSC,-0.481718736324516
PAIR_022,HJA_65_2016,2016,O:C ratio,0.413054287393646
PAIR_022,HJA_65_2016,2016,H:C ratio,1.36821120229626
PAIR_022,HJA_65_2016,2016,AI_Mod,0.227423549026891
PAIR_022,HJA_65_2016,2016,DBE,7.47796432318993
PAIR_022,HJA_65_2016,2016,lambdaO2,0.0496509654711387
PAIR_023,HJA_71_2016,2016,NOSC,-0.723799391393885
PAIR_023,HJA_71_2016,2016,O:C ratio,0.415993345694654
PAIR_023,HJA_71_2016,2016,H:C ratio,1.5301956074798
PAIR_023,HJA_71_2016,2016,AI_Mod,0.157019137718897
PAIR_023,HJA_71_2016,2016,DBE,5.95514147688061
PAIR_023,HJA_71_2016,2016,lambdaO2,0.0486774063953451
PAIR_024,HJA_72_2016,2016,NOSC,-0.450795551513846
PAIR_024,HJA_72_2016,2016,O:C ratio,0.434691419862122
PAIR_024,HJA_72_2016,2016,H:C ratio,1.36846110501895
PAIR_024,HJA_72_2016,2016,AI_Mod,0.225794849258293
PAIR_024,HJA_72_2016,2016,DBE,7.17853231106243
PAIR_024,HJA_72_2016,2016,lambdaO2,0.0524279270257676
PAIR_025,HJA_73_2016,2016,NOSC,-0.399881593124715
PAIR_025,HJA_73_2016,2016,O:C ratio,0.411388627733217
PAIR_025,HJA_73_2016,2016,H:C ratio,1.2931791131893
PAIR_025,HJA_73_2016,2016,AI_Mod,0.265897379629692
PAIR_025,HJA_73_2016,2016,DBE,8.71880199667221
PAIR_025,HJA_73_2016,2016,lambdaO2,0.0498282947648445
PAIR_026,HJA_74_2016,2016,NOSC,-0.593591254130698
PAIR_026,HJA_74_2016,2016,O:C ratio,0.422128248670055
PAIR_026,HJA_74_2016,2016,H:C ratio,1.50363547437906
PAIR_026,HJA_74_2016,2016,AI_Mod,0.166695207971682
PAIR_026,HJA_74_2016,2016,DBE,5.98882265275708
PAIR_026,HJA_74_2016,2016,lambdaO2,0.0525377924116657
PAIR_027,HJA_83_2016,2016,NOSC,-0.538580453962676
PAIR_027,HJA_83_2016,2016,O:C ratio,0.414257481456959
PAIR_027,HJA_83_2016,2016,H:C ratio,1.41979520820461
PAIR_027,HJA_83_2016,2016,AI_Mod,0.206787763613866
PAIR_027,HJA_83_2016,2016,DBE,7.03445065176909
PAIR_027,HJA_83_2016,2016,lambdaO2,0.0500588936328191
PAIR_028,HJA_84_2016,2016,NOSC,-0.492321599440747
PAIR_028,HJA_84_2016,2016,O:C ratio,0.392589523236411
PAIR_028,HJA_84_2016,2016,H:C ratio,1.33149400078102
PAIR_028,HJA_84_2016,2016,AI_Mod,0.253885292036593
PAIR_028,HJA_84_2016,2016,DBE,8.24229765013055
PAIR_028,HJA_84_2016,2016,lambdaO2,0.0483140839715445
PAIR_035,HJA_CC-1-15m_2016,2016,NOSC,-0.355401992686008
PAIR_035,HJA_CC-1-15m_2016,2016,O:C ratio,0.420418178418848
PAIR_035,HJA_CC-1-15m_2016,2016,H:C ratio,1.2841892614244
PAIR_035,HJA_CC-1-15m_2016,2016,AI_Mod,0.269780488579188
PAIR_035,HJA_CC-1-15m_2016,2016,DBE,8.44468664850136
PAIR_035,HJA_CC-1-15m_2016,2016,lambdaO2,0.0526288058643136
PAIR_036,HJA_CC-2-55m_2016,2016,NOSC,-0.321370125870784
PAIR_036,HJA_CC-2-55m_2016,2016,O:C ratio,0.394279325435276
PAIR_036,HJA_CC-2-55m_2016,2016,H:C ratio,1.22588981359977
PAIR_036,HJA_CC-2-55m_2016,2016,AI_Mod,0.306659101512262
PAIR_036,HJA_CC-2-55m_2016,2016,DBE,9.51868703282418
PAIR_036,HJA_CC-2-55m_2016,2016,lambdaO2,0.0500507739864675
PAIR_037,HJA_CC-3-100m_2016,2016,NOSC,-0.487328737991313
PAIR_037,HJA_CC-3-100m_2016,2016,O:C ratio,0.378227274378466
PAIR_037,HJA_CC-3-100m_2016,2016,H:C ratio,1.3556630124784
PAIR_037,HJA_CC-3-100m_2016,2016,AI_Mod,0.234303448474232
PAIR_037,HJA_CC-3-100m_2016,2016,DBE,8.20479947403024
PAIR_037,HJA_CC-3-100m_2016,2016,lambdaO2,0.0479988045524121
PAIR_038,HJA_CC-4-250m_2016,2016,NOSC,-0.260318393517138
PAIR_038,HJA_CC-4-250m_2016,2016,O:C ratio,0.317897047009333
PAIR_038,HJA_CC-4-250m_2016,2016,H:C ratio,1.14483956737176
PAIR_038,HJA_CC-4-250m_2016,2016,AI_Mod,0.352877322943145
PAIR_038,HJA_CC-4-250m_2016,2016,DBE,11.1854636591479
PAIR_038,HJA_CC-4-250m_2016,2016,lambdaO2,0.0473361830871993
PAIR_039,HJA_KC-1-275m_2016,2016,NOSC,-0.552816334456383
PAIR_039,HJA_KC-1-275m_2016,2016,O:C ratio,0.399027201499873
PAIR_039,HJA_KC-1-275m_2016,2016,H:C ratio,1.46054703825642
PAIR_039,HJA_KC-1-275m_2016,2016,AI_Mod,0.187459999795168
PAIR_039,HJA_KC-1-275m_2016,2016,DBE,6.5868036776636
PAIR_039,HJA_KC-1-275m_2016,2016,lambdaO2,0.052241804049681
PAIR_040,HJA_KC-2-360m_2016,2016,NOSC,-0.505744731234479
PAIR_040,HJA_KC-2-360m_2016,2016,O:C ratio,0.41388758382899
PAIR_040,HJA_KC-2-360m_2016,2016,H:C ratio,1.44335570049274
PAIR_040,HJA_KC-2-360m_2016,2016,AI_Mod,0.196156929389537
PAIR_040,HJA_KC-2-360m_2016,2016,DBE,6.6414899120538
PAIR_040,HJA_KC-2-360m_2016,2016,lambdaO2,0.0530773881537739
PAIR_041,HJA_KC-3-400m_2016,2016,NOSC,-0.706098230457815
PAIR_041,HJA_KC-3-400m_2016,2016,O:C ratio,0.400303063169265
PAIR_041,HJA_KC-3-400m_2016,2016,H:C ratio,1.55546830810412
PAIR_041,HJA_KC-3-400m_2016,2016,AI_Mod,0.147424758802104
PAIR_041,HJA_KC-3-400m_2016,2016,DBE,5.76083086053412
PAIR_041,HJA_KC-3-400m_2016,2016,lambdaO2,0.0492651383589028
PAIR_042,HJA_KerryCreek2_2016,2016,NOSC,-0.583873015305634
PAIR_042,HJA_KerryCreek2_2016,2016,O:C ratio,0.420847000295626
PAIR_042,HJA_KerryCreek2_2016,2016,H:C ratio,1.49074217298434
PAIR_042,HJA_KerryCreek2_2016,2016,AI_Mod,0.174371464156011
PAIR_042,HJA_KerryCreek2_2016,2016,DBE,6.16981132075472
PAIR_042,HJA_KerryCreek2_2016,2016,lambdaO2,0.051812004822947
PAIR_029,HJA_WS1-2_2016,2016,NOSC,-0.43288230171503
PAIR_029,HJA_WS1-2_2016,2016,O:C ratio,0.450795391511322
PAIR_029,HJA_WS1-2_2016,2016,H:C ratio,1.38542416319394
PAIR_029,HJA_WS1-2_2016,2016,AI_Mod,0.216435916779872
PAIR_029,HJA_WS1-2_2016,2016,DBE,7.05439814814815
PAIR_029,HJA_WS1-2_2016,2016,lambdaO2,0.0533751067025409
PAIR_030,HJA_WS1-3_2016,2016,NOSC,-0.69907521801029
PAIR_030,HJA_WS1-3_2016,2016,O:C ratio,0.398236082090348
PAIR_030,HJA_WS1-3_2016,2016,H:C ratio,1.49256274157771
PAIR_030,HJA_WS1-3_2016,2016,AI_Mod,0.179208166729226
PAIR_030,HJA_WS1-3_2016,2016,DBE,6.12452830188679
PAIR_030,HJA_WS1-3_2016,2016,lambdaO2,0.0489296872801229
PAIR_031,HJA_WS1-5_2016,2016,NOSC,-0.403325016457833
PAIR_031,HJA_WS1-5_2016,2016,O:C ratio,0.412194127838883
PAIR_031,HJA_WS1-5_2016,2016,H:C ratio,1.28935302381513
PAIR_031,HJA_WS1-5_2016,2016,AI_Mod,0.276305499982908
PAIR_031,HJA_WS1-5_2016,2016,DBE,8.48816412414519
PAIR_031,HJA_WS1-5_2016,2016,lambdaO2,0.0513974463971091
PAIR_043,HJA_WS1_250m_2016,2016,NOSC,-0.476704930232805
PAIR_043,HJA_WS1_250m_2016,2016,O:C ratio,0.422413819209178
PAIR_043,HJA_WS1_250m_2016,2016,H:C ratio,1.37791013590189
PAIR_043,HJA_WS1_250m_2016,2016,AI_Mod,0.226394334841392
PAIR_043,HJA_WS1_250m_2016,2016,DBE,7.19664138678223
PAIR_043,HJA_WS1_250m_2016,2016,lambdaO2,0.0521476060482849
PAIR_044,HJA_WS3-1_30m_2016,2016,NOSC,-0.484106503727991
PAIR_044,HJA_WS3-1_30m_2016,2016,O:C ratio,0.394761441394738
PAIR_044,HJA_WS3-1_30m_2016,2016,H:C ratio,1.37543794185045
PAIR_044,HJA_WS3-1_30m_2016,2016,AI_Mod,0.226424963090084
PAIR_044,HJA_WS3-1_30m_2016,2016,DBE,7.63591359135914
PAIR_044,HJA_WS3-1_30m_2016,2016,lambdaO2,0.0505685546365772
PAIR_032,HJA_WS3-2_2016,2016,NOSC,-0.612907912707476
PAIR_032,HJA_WS3-2_2016,2016,O:C ratio,0.412296017536874
PAIR_032,HJA_WS3-2_2016,2016,H:C ratio,1.4654691420597
PAIR_032,HJA_WS3-2_2016,2016,AI_Mod,0.182438990605377
PAIR_032,HJA_WS3-2_2016,2016,DBE,6.29171461449942
PAIR_032,HJA_WS3-2_2016,2016,lambdaO2,0.0509924968514121
PAIR_033,HJA_WS3-3_2016,2016,NOSC,-0.574724830598495
PAIR_033,HJA_WS3-3_2016,2016,O:C ratio,0.363030232997823
PAIR_033,HJA_WS3-3_2016,2016,H:C ratio,1.39885184939335
PAIR_033,HJA_WS3-3_2016,2016,AI_Mod,0.215168644209937
PAIR_033,HJA_WS3-3_2016,2016,DBE,7.90716180371353
PAIR_033,HJA_WS3-3_2016,2016,lambdaO2,0.0430860308324852
PAIR_034,HJA_WS3-5_2016,2016,NOSC,-0.650796383861394
PAIR_034,HJA_WS3-5_2016,2016,O:C ratio,0.405153975531086
PAIR_034,HJA_WS3-5_2016,2016,H:C ratio,1.53715954305342
PAIR_034,HJA_WS3-5_2016,2016,AI_Mod,0.15750126003544
PAIR_034,HJA_WS3-5_2016,2016,DBE,5.56753926701571
PAIR_034,HJA_WS3-5_2016,2016,lambdaO2,0.0525240006648081
PAIR_023,HJA_71_2025,2025,NOSC,-0.581733733779921
PAIR_023,HJA_71_2025,2025,O:C ratio,0.423205819301002
PAIR_023,HJA_71_2025,2025,H:C ratio,1.45336075068788
PAIR_023,HJA_71_2025,2025,AI_Mod,0.169629427958686
PAIR_023,HJA_71_2025,2025,DBE,7.47040498442368
PAIR_023,HJA_71_2025,2025,lambdaO2,0.043712004019504
PAIR_018,HJA_56_2025,2025,NOSC,-0.513417406079153
PAIR_018,HJA_56_2025,2025,O:C ratio,0.414299992173609
PAIR_018,HJA_56_2025,2025,H:C ratio,1.36687870494137
PAIR_018,HJA_56_2025,2025,AI_Mod,0.22515232550912
PAIR_018,HJA_56_2025,2025,DBE,8.27291452111226
PAIR_018,HJA_56_2025,2025,lambdaO2,0.0456425803406206
PAIR_004,HJA_164_2025,2025,NOSC,-0.470991977543856
PAIR_004,HJA_164_2025,2025,O:C ratio,0.350189365922642
PAIR_004,HJA_164_2025,2025,H:C ratio,1.35561191948209
PAIR_004,HJA_164_2025,2025,AI_Mod,0.26073033581759
PAIR_004,HJA_164_2025,2025,DBE,8.67296511627907
PAIR_004,HJA_164_2025,2025,lambdaO2,0.046211162067293
PAIR_016,HJA_54_2025,2025,NOSC,-0.427200206889129
PAIR_016,HJA_54_2025,2025,O:C ratio,0.385062472251654
PAIR_016,HJA_54_2025,2025,H:C ratio,1.37345987856039
PAIR_016,HJA_54_2025,2025,AI_Mod,0.243572406545254
PAIR_016,HJA_54_2025,2025,DBE,9.51456310679612
PAIR_016,HJA_54_2025,2025,lambdaO2,0.0427798887841354
PAIR_013,HJA_47_2025,2025,NOSC,-0.633736012056098
PAIR_013,HJA_47_2025,2025,O:C ratio,0.419555619622393
PAIR_013,HJA_47_2025,2025,H:C ratio,1.4666634502743
PAIR_013,HJA_47_2025,2025,AI_Mod,0.185282708403981
PAIR_013,HJA_47_2025,2025,DBE,7.58076563958917
PAIR_013,HJA_47_2025,2025,lambdaO2,0.040171970314971
PAIR_021,HJA_64_2025,2025,NOSC,-0.200728329994307
PAIR_021,HJA_64_2025,2025,O:C ratio,0.308997940147474
PAIR_021,HJA_64_2025,2025,H:C ratio,1.16971689897596
PAIR_021,HJA_64_2025,2025,AI_Mod,0.365620136490838
PAIR_021,HJA_64_2025,2025,DBE,12.1989987484355
PAIR_021,HJA_64_2025,2025,lambdaO2,0.0430085764839934
PAIR_028,HJA_84_2025,2025,NOSC,-0.53914567128448
PAIR_028,HJA_84_2025,2025,O:C ratio,0.434485840925358
PAIR_028,HJA_84_2025,2025,H:C ratio,1.42198135342776
PAIR_028,HJA_84_2025,2025,AI_Mod,0.193953204124738
PAIR_028,HJA_84_2025,2025,DBE,7.92708333333333
PAIR_028,HJA_84_2025,2025,lambdaO2,0.0406614618690685
PAIR_029,HJA_WS1-2_2025,2025,NOSC,-0.628998725844241
PAIR_029,HJA_WS1-2_2025,2025,O:C ratio,0.40487997982574
PAIR_029,HJA_WS1-2_2025,2025,H:C ratio,1.5130632578081
PAIR_029,HJA_WS1-2_2025,2025,AI_Mod,0.156138754156117
PAIR_029,HJA_WS1-2_2025,2025,DBE,6.63429752066116
PAIR_029,HJA_WS1-2_2025,2025,lambdaO2,0.0452592552071566
PAIR_044,HJA_WS3-1_2025,2025,NOSC,-0.462008831410832
PAIR_044,HJA_WS3-1_2025,2025,O:C ratio,0.396333858056758
PAIR_044,HJA_WS3-1_2025,2025,H:C ratio,1.31046909618383
PAIR_044,HJA_WS3-1_2025,2025,AI_Mod,0.261950222111261
PAIR_044,HJA_WS3-1_2025,2025,DBE,9.22062350119904
PAIR_044,HJA_WS3-1_2025,2025,lambdaO2,0.0424434490777074
PAIR_035,HJA_CC-1_2025,2025,NOSC,-0.30027719259476
PAIR_035,HJA_CC-1_2025,2025,O:C ratio,0.267662953982171
PAIR_035,HJA_CC-1_2025,2025,H:C ratio,1.15619606705462
PAIR_035,HJA_CC-1_2025,2025,AI_Mod,0.37600542665698
PAIR_035,HJA_CC-1_2025,2025,DBE,10.1482479784367
PAIR_035,HJA_CC-1_2025,2025,lambdaO2,0.0502464707432554
PAIR_038,HJA_CC-4_2025,2025,NOSC,-0.184343381462764
PAIR_038,HJA_CC-4_2025,2025,O:C ratio,0.420548995803188
PAIR_038,HJA_CC-4_2025,2025,H:C ratio,1.16489223217528
PAIR_038,HJA_CC-4_2025,2025,AI_Mod,0.326244579039891
PAIR_038,HJA_CC-4_2025,2025,DBE,12.2422680412371
PAIR_038,HJA_CC-4_2025,2025,lambdaO2,0.0436780453728227
PAIR_036,HJA_CC-2_2025,2025,NOSC,-0.27476101553795
PAIR_036,HJA_CC-2_2025,2025,O:C ratio,0.376614355900214
PAIR_036,HJA_CC-2_2025,2025,H:C ratio,1.1338614323021
PAIR_036,HJA_CC-2_2025,2025,AI_Mod,0.356911735347543
PAIR_036,HJA_CC-2_2025,2025,DBE,13.0909090909091
PAIR_036,HJA_CC-2_2025,2025,lambdaO2,0.0419992413517207
PAIR_002,HJA_156_2025,2025,NOSC,-0.529978674889421
PAIR_002,HJA_156_2025,2025,O:C ratio,0.372193169701134
PAIR_002,HJA_156_2025,2025,H:C ratio,1.39426641710226
PAIR_002,HJA_156_2025,2025,AI_Mod,0.229871985208774
PAIR_002,HJA_156_2025,2025,DBE,8.40845070422535
PAIR_002,HJA_156_2025,2025,lambdaO2,0.0438487844439132
PAIR_014,HJA_49_2025,2025,NOSC,-0.357052385638117
PAIR_014,HJA_49_2025,2025,O:C ratio,0.31537096660901
PAIR_014,HJA_49_2025,2025,H:C ratio,1.29883333155817
PAIR_014,HJA_49_2025,2025,AI_Mod,0.28551611631899
PAIR_014,HJA_49_2025,2025,DBE,10.348224513173
PAIR_014,HJA_49_2025,2025,lambdaO2,0.0435748626269617
PAIR_042,HJA_KC-4_2025,2025,NOSC,-0.44853449438698
PAIR_042,HJA_KC-4_2025,2025,O:C ratio,0.431715830871655
PAIR_042,HJA_KC-4_2025,2025,H:C ratio,1.37060654152041
PAIR_042,HJA_KC-4_2025,2025,AI_Mod,0.212066810237158
PAIR_042,HJA_KC-4_2025,2025,DBE,8.67334360554699
PAIR_042,HJA_KC-4_2025,2025,lambdaO2,0.0419458571178795
PAIR_012,HJA_45_2025,2025,NOSC,-0.28521564947553
PAIR_012,HJA_45_2025,2025,O:C ratio,0.348598831456588
PAIR_012,HJA_45_2025,2025,H:C ratio,1.30640868833605
PAIR_012,HJA_45_2025,2025,AI_Mod,0.283497274796612
PAIR_012,HJA_45_2025,2025,DBE,9.83515283842795
PAIR_012,HJA_45_2025,2025,lambdaO2,0.0445081046213464
PAIR_037,HJA_CC-3_2025,2025,NOSC,-0.254579341549006
PAIR_037,HJA_CC-3_2025,2025,O:C ratio,0.39508482677141
PAIR_037,HJA_CC-3_2025,2025,H:C ratio,1.12439503109276
PAIR_037,HJA_CC-3_2025,2025,AI_Mod,0.350771658562749
PAIR_037,HJA_CC-3_2025,2025,DBE,12.8613861386139
PAIR_037,HJA_CC-3_2025,2025,lambdaO2,0.0385835825717853
PAIR_032,HJA_WS3-2_2025,2025,NOSC,-0.547277070335471
PAIR_032,HJA_WS3-2_2025,2025,O:C ratio,0.397225641464317
PAIR_032,HJA_WS3-2_2025,2025,H:C ratio,1.4075173216259
PAIR_032,HJA_WS3-2_2025,2025,AI_Mod,0.202206697939954
PAIR_032,HJA_WS3-2_2025,2025,DBE,7.94947368421053
PAIR_032,HJA_WS3-2_2025,2025,lambdaO2,0.0427231302224497
PAIR_027,HJA_83_2025,2025,NOSC,-0.594324433272098
PAIR_027,HJA_83_2025,2025,O:C ratio,0.419981084173561
PAIR_027,HJA_83_2025,2025,H:C ratio,1.43443277428165
PAIR_027,HJA_83_2025,2025,AI_Mod,0.198878409735242
PAIR_027,HJA_83_2025,2025,DBE,7.85242896425298
PAIR_027,HJA_83_2025,2025,lambdaO2,0.0413313861014033
PAIR_008,HJA_177_2025,2025,NOSC,-0.418321175673692
PAIR_008,HJA_177_2025,2025,O:C ratio,0.33821927180525
PAIR_008,HJA_177_2025,2025,H:C ratio,1.37237894457937
PAIR_008,HJA_177_2025,2025,AI_Mod,0.249076411714157
PAIR_008,HJA_177_2025,2025,DBE,9.03476821192053
PAIR_008,HJA_177_2025,2025,lambdaO2,0.0439881299468702
PAIR_009,HJA_178_2025,2025,NOSC,-0.482999425962166
PAIR_009,HJA_178_2025,2025,O:C ratio,0.439865838797576
PAIR_009,HJA_178_2025,2025,H:C ratio,1.36863116302371
PAIR_009,HJA_178_2025,2025,AI_Mod,0.214766913042658
PAIR_009,HJA_178_2025,2025,DBE,8.20784729586426
PAIR_009,HJA_178_2025,2025,lambdaO2,0.0429288654329139
PAIR_031,HJA_WS1-5_2025,2025,NOSC,-0.402893143981216
PAIR_031,HJA_WS1-5_2025,2025,O:C ratio,0.404766387492621
PAIR_031,HJA_WS1-5_2025,2025,H:C ratio,1.35051393169787
PAIR_031,HJA_WS1-5_2025,2025,AI_Mod,0.237307692630291
PAIR_031,HJA_WS1-5_2025,2025,DBE,9.1055900621118
PAIR_031,HJA_WS1-5_2025,2025,lambdaO2,0.041912093564609
PAIR_015,HJA_53_2025,2025,NOSC,-0.453156112170512
PAIR_015,HJA_53_2025,2025,O:C ratio,0.303045149779849
PAIR_015,HJA_53_2025,2025,H:C ratio,1.37623643893174
PAIR_015,HJA_53_2025,2025,AI_Mod,0.259522701807826
PAIR_015,HJA_53_2025,2025,DBE,9.10590015128593
PAIR_015,HJA_53_2025,2025,lambdaO2,0.0442296328902468
PAIR_030,HJA_WS1-3_2025,2025,NOSC,-0.411321443525201
PAIR_030,HJA_WS1-3_2025,2025,O:C ratio,0.334683550600438
PAIR_030,HJA_WS1-3_2025,2025,H:C ratio,1.3598197021382
PAIR_030,HJA_WS1-3_2025,2025,AI_Mod,0.254255089852026
PAIR_030,HJA_WS1-3_2025,2025,DBE,9.03539823008849
PAIR_030,HJA_WS1-3_2025,2025,lambdaO2,0.0420122906884715
PAIR_033,HJA_WS3-3_2025,2025,NOSC,-0.477772142429209
PAIR_033,HJA_WS3-3_2025,2025,O:C ratio,0.396307155008208
PAIR_033,HJA_WS3-3_2025,2025,H:C ratio,1.3704692070008
PAIR_033,HJA_WS3-3_2025,2025,AI_Mod,0.236833253127727
PAIR_033,HJA_WS3-3_2025,2025,DBE,7.66666666666667
PAIR_033,HJA_WS3-3_2025,2025,lambdaO2,0.051875526184327
PAIR_034,HJA_WS3-5_2025,2025,NOSC,-0.653326088375492
PAIR_034,HJA_WS3-5_2025,2025,O:C ratio,0.392432829554666
PAIR_034,HJA_WS3-5_2025,2025,H:C ratio,1.49567976694092
PAIR_034,HJA_WS3-5_2025,2025,AI_Mod,0.163823543328921
PAIR_034,HJA_WS3-5_2025,2025,DBE,6.33674775928297
PAIR_034,HJA_WS3-5_2025,2025,lambdaO2,0.0435274309877165
PAIR_022,HJA_65_2025,2025,NOSC,-0.446658217324002
PAIR_022,HJA_65_2025,2025,O:C ratio,0.452652679986494
PAIR_022,HJA_65_2025,2025,H:C ratio,1.37057310607998
PAIR_022,HJA_65_2025,2025,AI_Mod,0.210250911784141
PAIR_022,HJA_65_2025,2025,DBE,8.01044932079415
PAIR_022,HJA_65_2025,2025,lambdaO2,0.0436678263152253
PAIR_007,HJA_170_2025,2025,NOSC,-0.146699844783022
PAIR_007,HJA_170_2025,2025,O:C ratio,0.311560598218338
PAIR_007,HJA_170_2025,2025,H:C ratio,1.13296078300291
PAIR_007,HJA_170_2025,2025,AI_Mod,0.374665252877938
PAIR_007,HJA_170_2025,2025,DBE,11.7977624784854
PAIR_007,HJA_170_2025,2025,lambdaO2,0.0446824739100282
PAIR_005,HJA_165_2025,2025,NOSC,-0.389184196519344
PAIR_005,HJA_165_2025,2025,O:C ratio,0.468430698750224
PAIR_005,HJA_165_2025,2025,H:C ratio,1.32567763452915
PAIR_005,HJA_165_2025,2025,AI_Mod,0.227406292762602
PAIR_005,HJA_165_2025,2025,DBE,8.7765726681128
PAIR_005,HJA_165_2025,2025,lambdaO2,0.0424777199215693
PAIR_039,HJA_KC-1_2025,2025,NOSC,-0.496963246150968
PAIR_039,HJA_KC-1_2025,2025,O:C ratio,0.416608749383937
PAIR_039,HJA_KC-1_2025,2025,H:C ratio,1.4077999301111
PAIR_039,HJA_KC-1_2025,2025,AI_Mod,0.204574857033971
PAIR_039,HJA_KC-1_2025,2025,DBE,8.26245210727969
PAIR_039,HJA_KC-1_2025,2025,lambdaO2,0.0425100106299778
PAIR_040,HJA_KC-2_2025,2025,NOSC,-0.593577136332638
PAIR_040,HJA_KC-2_2025,2025,O:C ratio,0.398813294088267
PAIR_040,HJA_KC-2_2025,2025,H:C ratio,1.460528557087
PAIR_040,HJA_KC-2_2025,2025,AI_Mod,0.172081887598541
PAIR_040,HJA_KC-2_2025,2025,DBE,7.17427385892116
PAIR_040,HJA_KC-2_2025,2025,lambdaO2,0.0417384613415477
PAIR_041,HJA_KC-3_2025,2025,NOSC,-0.502904529592218
PAIR_041,HJA_KC-3_2025,2025,O:C ratio,0.384875503186728
PAIR_041,HJA_KC-3_2025,2025,H:C ratio,1.37999791127273
PAIR_041,HJA_KC-3_2025,2025,AI_Mod,0.228678180038379
PAIR_041,HJA_KC-3_2025,2025,DBE,8.22304832713755
PAIR_041,HJA_KC-3_2025,2025,lambdaO2,0.0451000478710313
PAIR_024,HJA_72_2025,2025,NOSC,-0.382534466718218
PAIR_024,HJA_72_2025,2025,O:C ratio,0.366151891194767
PAIR_024,HJA_72_2025,2025,H:C ratio,1.2533122533573
PAIR_024,HJA_72_2025,2025,AI_Mod,0.283688895317934
PAIR_024,HJA_72_2025,2025,DBE,11.0265095729013
PAIR_024,HJA_72_2025,2025,lambdaO2,0.040192423312279
PAIR_025,HJA_73_2025,2025,NOSC,-0.447485839426593
PAIR_025,HJA_73_2025,2025,O:C ratio,0.430066931215113
PAIR_025,HJA_73_2025,2025,H:C ratio,1.38676713033223
PAIR_025,HJA_73_2025,2025,AI_Mod,0.221519688498288
PAIR_025,HJA_73_2025,2025,DBE,8.44957264957265
PAIR_025,HJA_73_2025,2025,lambdaO2,0.0442277592738857
PAIR_017,HJA_55_2025,2025,NOSC,-0.584488110202158
PAIR_017,HJA_55_2025,2025,O:C ratio,0.423737911963492
PAIR_017,HJA_55_2025,2025,H:C ratio,1.41884411649641
PAIR_017,HJA_55_2025,2025,AI_Mod,0.188169732778777
PAIR_017,HJA_55_2025,2025,DBE,7.73651452282158
PAIR_017,HJA_55_2025,2025,lambdaO2,0.0412738481524173
PAIR_003,HJA_162_2025,2025,NOSC,-0.555035228723319
PAIR_003,HJA_162_2025,2025,O:C ratio,0.423594549035373
PAIR_003,HJA_162_2025,2025,H:C ratio,1.4071191667558
PAIR_003,HJA_162_2025,2025,AI_Mod,0.203676994025252
PAIR_003,HJA_162_2025,2025,DBE,7.8951724137931
PAIR_003,HJA_162_2025,2025,lambdaO2,0.0435262094036796
PAIR_011,HJA_192_2025,2025,NOSC,-0.534403185608998
PAIR_011,HJA_192_2025,2025,O:C ratio,0.439554184542836
PAIR_011,HJA_192_2025,2025,H:C ratio,1.41456637190064
PAIR_011,HJA_192_2025,2025,AI_Mod,0.199668307213327
PAIR_011,HJA_192_2025,2025,DBE,8
PAIR_011,HJA_192_2025,2025,lambdaO2,0.0416360490692424
PAIR_043,HJA_WS1-4_2025,2025,NOSC,-0.490249227206761
PAIR_043,HJA_WS1-4_2025,2025,O:C ratio,0.431824270405387
PAIR_043,HJA_WS1-4_2025,2025,H:C ratio,1.42821973495467
PAIR_043,HJA_WS1-4_2025,2025,AI_Mod,0.176194610781461
PAIR_043,HJA_WS1-4_2025,2025,DBE,7.08387096774194
PAIR_043,HJA_WS1-4_2025,2025,lambdaO2,0.0455631551380279
PAIR_020,HJA_60_2025,2025,NOSC,-0.429607679442069
PAIR_020,HJA_60_2025,2025,O:C ratio,0.409445118190515
PAIR_020,HJA_60_2025,2025,H:C ratio,1.30339514678362
PAIR_020,HJA_60_2025,2025,AI_Mod,0.254803482506264
PAIR_020,HJA_60_2025,2025,DBE,9.59784560143627
PAIR_020,HJA_60_2025,2025,lambdaO2,0.0410287929873034
PAIR_006,HJA_169_2025,2025,NOSC,-0.726511287716886
PAIR_006,HJA_169_2025,2025,O:C ratio,0.278736198013507
PAIR_006,HJA_169_2025,2025,H:C ratio,1.4535182487598
PAIR_006,HJA_169_2025,2025,AI_Mod,0.219038151379759
PAIR_006,HJA_169_2025,2025,DBE,7.21195652173913
PAIR_006,HJA_169_2025,2025,lambdaO2,0.0401248041454092
PAIR_019,HJA_58_2025,2025,NOSC,-0.306071554633764
PAIR_019,HJA_58_2025,2025,O:C ratio,0.314142874486234
PAIR_019,HJA_58_2025,2025,H:C ratio,1.28156193886697
PAIR_019,HJA_58_2025,2025,AI_Mod,0.302544343673037
PAIR_019,HJA_58_2025,2025,DBE,10.4521212121212
PAIR_019,HJA_58_2025,2025,lambdaO2,0.0437889138271559
PAIR_001,HJA_155_2025,2025,NOSC,-0.453375421729998
PAIR_001,HJA_155_2025,2025,O:C ratio,0.406663805262704
PAIR_001,HJA_155_2025,2025,H:C ratio,1.32680585459177
PAIR_001,HJA_155_2025,2025,AI_Mod,0.24569733558448
PAIR_001,HJA_155_2025,2025,DBE,9.05376344086022
PAIR_001,HJA_155_2025,2025,lambdaO2,0.0423428079775991
PAIR_026,HJA_74_2025,2025,NOSC,-0.511416020656237
PAIR_026,HJA_74_2025,2025,O:C ratio,0.360537363285621
PAIR_026,HJA_74_2025,2025,H:C ratio,1.41607935674393
PAIR_026,HJA_74_2025,2025,AI_Mod,0.204532254068131
PAIR_026,HJA_74_2025,2025,DBE,7.36203090507726
PAIR_026,HJA_74_2025,2025,lambdaO2,0.0496888857785898
PAIR_010,HJA_190_2025,2025,NOSC,-0.528673455217969
PAIR_010,HJA_190_2025,2025,O:C ratio,0.309903698441516
PAIR_010,HJA_190_2025,2025,H:C ratio,1.36864326329338
PAIR_010,HJA_190_2025,2025,AI_Mod,0.235060239351584
PAIR_010,HJA_190_2025,2025,DBE,8.41346153846154
PAIR_010,HJA_190_2025,2025,lambdaO2,0.0431313401373528
