Column_or_Row_Name,Unit,Definition,Data_Type,Term_Type,Missing_Value_Code,Reported_Precision
00602_TN_mg_per_L_as_N,milligrams per liter,"Total dissolved nitrogen [nitrate + nitrite + ammonia + organic-N] reported as nitrogen. 5-digit prefix refers to a US Geological Survey parameter code. Methods information is embedded in first few rows with methods codes that are defined in the file that ends in ""Methods_Codes.csv"".",numeric,column_header,-9999,0.01
00681_NPOC_mg_per_L_as_C,milligrams per liter,"Dissolved organic carbon (DOC) measured as non-purgeable organic carbon (NPOC) and reported as carbon. 5-digit prefix refers to a US Geological Survey parameter code. Methods information is embedded in first few rows with methods codes that are defined in the file that ends in ""Methods_Codes.csv"".",numeric,column_header,-9999,0.01
13C,N/A,Number of 13-Carbon atoms assigned to a peak.,numeric,column_header,-9999,1
15N,N/A,Number of 15-Nitrogen atoms assigned to a peak.,numeric,column_header,-9999,1
17O,N/A,Number of 17-Oxygen atoms assigned to a peak.,numeric,column_header,-9999,1
18O,N/A,Number of 18-Oxygen atoms assigned to a peak.,numeric,column_header,-9999,1
33S,N/A,Number of 33-Sulfur atoms assigned to a peak.,numeric,column_header,-9999,1
34S,N/A,Number of 34-Sulfur atoms assigned to a peak.,numeric,column_header,-9999,1
AI,N/A,"Aromaticity index calculated as per Koch and Dittmar (2006, 2016).",numeric,column_header,-9999,0.00000001
AI_Mod,N/A,"Modified aromaticity index calculated as per Koch and Dittmar (2006, 2016).",numeric,column_header,-9999,0.000000001
Algal_Mat_Coverage,N/A,"Estimated algal mat cover on riverbed. One of the following classes may be selected: Full coverage, Partial coverage, No coverage.",text,column_header,N/A,-9999
Analysis_DetectionLimit,N/A,Analytical detection limit.,numeric,row_header,-9999,0.01
Analysis_Precision,N/A,Precision of the data values.,numeric,row_header,-9999,0.01
bs1_class,N/A,"Boundaries used to assign compound classes to molecular formula. Boundary sets 1 are Van Krevelen-based (Kim et al., 2003).",text,column_header,N/A,-9999
bs2_class,N/A,"Boundaries used to assign compound classes to molecular formula. Boundary sets 2 are Van Krevelen-based (Bailey et al., 2017).",text,column_header,N/A,-9999
bs3_class,N/A,"Boundaries used to assign compound classes to molecular formula. Boundary sets  3 further integrate stoichiometry to assign modified compound classes (Rivas-Urbach et al., 2018).",text,column_header,N/A,-9999
C,N/A,Carbon atoms in the analyzed molecule. Identified by an algorithm in Kujawinski and Behn (2006) and modified as described in Tfaily et al. (2017).,numeric,column_header,-9999,1
Calculated_Mass,mass to charge ratio,Calculated ionic mass for the assigned molecular formula. The units of mass to charge ratio is commonly denoted as m/z.,numeric,column_header,-9999,0.0001
Calibrated_Mass,mass to charge ratio,Ionic mass of a peak after calibration in CoreMS. The units of mass to charge ratio is commonly denoted as m/z.,numeric,column_header,-9999,0.0001
Calibration_Order,N/A,"Order of the polynomial function used during calibration in CoreMS (1 = linear, 2 = quadratic).",numeric,column_header,-9999,1
Calibration_Points,N/A,Number of calibration points used during calibration in CoreMS.,numeric,column_header,-9999,1
Calibration_RMSE,N/A,Root mean square error (RMSE) of the calibration in CoreMS.,numeric,column_header,-9999,0.00000001
Calibration_Threshold,N/A,Threshold of acceptable number of calibration points set for the automated calibration function in our CoreMS pipeline.,numeric,column_header,-9999,0.1
Canopy_Coverage,N/A,"Estimated canopy coverage over the sampling location only. Total riparian zone canopy cover does not apply.  One of the following classes from the provided controlled vocabulary may be selected: Full coverage, Partial coverage, No coverage.",text,column_header,N/A,-9999
Collection_Date,YYYY-MM-DD,Date of sample collection.,date,column_header,-9999,-9999
Collection_Method,N/A,Method of sample collection registered in the System for Earth Sample Registration (SESAR; https://www.geosamples.org/about/services#igsnregistration) system. Controlled vocabulary from SESAR.,text,column_header,N/A,-9999
Collection_Method_Description,N/A,Description of how sample was collected.,text,column_header,N/A,-9999
Collector_Chief_Scientist,N/A,Name of person who collected the sample or primary contact.,text,column_header,N/A,-9999
Column_or_Row_Name,N/A,Column or row headers from each tabular file (csv or tsv) in the dataset.,text,column_header,N/A,-9999
Column_or_Row_Name_Position,N/A,"The location of the column or row that contains the header names (i.e., column name or row name). The count used to identify the location assumes the numbering begins at 1 (rather than 0) and excludes columns or rows that begin with ""#"". Most data in this data package is oriented in columns, so this field indicates the tabular location of the row that holds the column names (e.g., If row 1 has the column headers, row 2 has the units, and row 3 has the data values, then this value would be 1 - to indicate the location of the column header row).",numeric,column_header,-9999,1
Comment,N/A,Name of study associated with sample.,text,column_header,N/A,-9999
Confidence_Score,N/A,"Value (0-1) given by CoreMS to the assigned molecular formula with 1 being the highest confidence (e.g., approximate likelihood of being accurate).",numeric,column_header,-9999,0.0000001
Country,N/A,Country where sample was collected.,text,column_header,N/A,-9999
Data_Status,N/A,State of data readiness for publication and use.,text,row_header,N/A,-9999
Data_Type,N/A,Type of data (numeric; text; date; time; datetime).,text,column_header,N/A,-9999
Date,YYYY-MM-DD,Date of sample collection.,date,column_header,-9999,-9999
DBE,N/A,"Double bond equivalent or degree of unsaturation calculated as per Koch and Dittmar (2006, 2016).",numeric,column_header,-9999,1
DBE_1,N/A,"Double bond equivalent or degree of unsaturation calculated as per Koch and Dittmar (2006, 2016).",numeric,column_header,-9999,1
DBE_AI,N/A,"The minimum number of C-C double bonds plus rings in a common molecular structure containing heteroatoms. Calculated as per Koch and Dittmar (2006, 2016).",numeric,column_header,-9999,1
DBE_O,N/A,"Double bond equivalent minus Oxygen calculated as per Koch and Dittmar (2006, 2016).",numeric,column_header,-9999,1
Definition,N/A,Description of the information in a given column or row in the dataset.,text,column_header,N/A,-9999
delGcox0PerCmol,kJ per C mol,Gibbs free energy of the carbon oxidation half reaction under standard conditions (pH = 0). Calculated as  per LaRowe and Van Cappellen (2011).,numeric,column_header,-9999,0.00000001
delGcoxPerCmol,kJ per C mol,Gibbs free energy of the carbon oxidation half reaction at pH 7. Calculated as per Song et al. (2020).,numeric,column_header,-9999,0.00001
delGd,kJ per Compound mol,Gibbs free energy of the carbon oxidation half reaction per compound mol at pH 7. Calculated as per Song et al. (2020).,numeric,column_header,-9999,0.0001
delGd0,kJ per Compound mol,Gibbs free energy of the carbon oxidation half reaction per compound mol at pH 0. Calculated as per Song et al. (2020).,numeric,column_header,-9999,0.1
Depositional_Type,N/A,Depositional zone type. From provided controlled vocabulary with option to write in other terms.,text,column_header,N/A,-9999
Dissolved_Oxygen,milligrams per liter,Dissolved oxygen measured during sample collection.,numeric,column_header,-9999,0.01
Error_ppm,parts per million,Parts per million error calculated as [expected molecular mass - measured molecular mass]/expected molecular mass * 1e6).,numeric,column_header,-9999,0.000000001
Error_Score,N/A,Value (0-1) given by CoreMS to the individual peaks that determines whether the error was acceptable with 1 being acceptable.,numeric,column_header,-9999,0.00000001
Extractable_NPOC_mg_per_kg,milligrams per kilogram,"Dissolved organic carbon (DOC) measured as non-purgeable organic carbon (NPOC) and reported as carbon in milligrams per kilogram. Methods information is embedded in first few rows of respective data file with methods codes that are defined in the file that ends in ""Methods_Codes.csv"".",numeric,column_header,-9999,0.01
Extractable_NPOC_mg_per_L,milligrams per liter,"Dissolved organic carbon (DOC) measured as non-purgeable organic carbon (NPOC) and reported as carbon in milligrams per liter. Methods information is embedded in first few rows of respective data file with methods codes that are defined in the file that ends in ""Methods_Codes.csv"".",numeric,column_header,-9999,0.01
Extractable_TN_mg_per_kg,milligrams per kilogram,"Total dissolved nitrogen [nitrate + nitrite + ammonia + organic-N] reported as nitrogen in milligrams per kilogram. Methods information is embedded in first few rows of respective data file with methods codes that are defined in the file that ends in ""Methods_Codes.csv"".",numeric,column_header,-9999,0.01
Extractable_TN_mg_per_L,milligrams per liter,"Total dissolved nitrogen [nitrate + nitrite + ammonia + organic-N] reported as nitrogen in milligrams per liter. Methods information is embedded in first few rows of respective data file with methods codes that are defined in the file that ends in ""Methods_Codes.csv"".",numeric,column_header,-9999,0.01
Field_Crew,N/A,Names of field team members involved in data collection.,text,column_header,N/A,-9999
Field_Name,N/A,Name of field of header rows before data.,text,column_header,N/A,-9999
Field_Name_Informal_Classification,N/A,Informal classification of sample.,text,column_header,N/A,-9999
Field_Program_Cruise,N/A,Name of field program or cruise registered in the System for Earth Sample Registration (SESAR; https://www.geosamples.org/about/services#igsnregistration) system.,text,column_header,N/A,-9999
File_Description,N/A,A brief description of the files in the data package.,text,column_header,N/A,-9999
File_Name,N/A,Name of files in the data package.,text,column_header,N/A,-9999
File_Path,N/A,File path within the data package.,text,column_header,N/A,-9999
FTICR-MS,N/A,"Methods information and data from Fourier transform ion cyclotron resonance mass spectrometry (FTICR-MS). Methods information is embedded in first few rows of respective data file with methods codes that are defined in the file that ends in ""Methods_Codes.csv"".",text,column_header,N/A,-9999
General_Vegetation,N/A,"General vegetation type from provided controlled vocabulary during sampling. One (with the option to select up to 2 if mixed) of the following classes from the provided controlled vocabulary may be selected: Needleleaf evergreen tree, Needleleaf deciduous tree, Broadleaf evergreen tree, Broadleaf deciduous tree, Shrub, Grass, Crop, Not vegetated.",text,column_header,N/A,-9999
GFE,kJ per C mol,Gibbs free energy of the carbon oxidation half reaction under standard conditions. Calculated as per LaRowe and Van Cappellen (2011).,numeric,column_header,-9999,0.00000001
H,N/A,Hydrogen atoms in the analyzed molecule. Identified by an algorithm in Kujawinski and Behn (2006) and modified as described in Tfaily et al. (2017).,numeric,column_header,-9999,1
Header_Rows,N/A,"The number of rows or the number of columns that occur before the start of tabular data. This count assumes the numbering begins at 1 (rather than 0), excludes columns or rows that begin with ""#"", and includes the column or row that the header names are on. For example, if the file has columns with variable names but does not have any other metadata header rows, then this value is 1. Most data in this data package is oriented in columns, so this field indicates the number of rows before the start of the data (e.g., If row 1 has the column headers, row 2 has the units, and row 3 has the data values, then this value would be 2 - to indicate the count of the rows prior to the data values).",numeric,column_header,-9999,1
Heteroatom_Class,N/A,"The type of heteroatoms (e.g., oxygen, nitrogen, sulfur, phosphorous) in a formula.",text,column_header,N/A,-9999
HJW_*,N/A,Sample name with rows representing peak intensities reflected as presence absence.,numeric,column_header,-9999,0.1
HtoC_ratio,N/A,Hydrogen to carbon ratio.,numeric,column_header,-9999,0.0000001
Hydrogeomorphology,N/A,General hydrogeomorphology of river. One of the following classes may be selected: multi-channel (braided); single-channel straight; single-channel meandering.,text,column_header,N/A,-9999
IGSN,N/A,International Generic Sample Numbers (IGSNs) registered with System for Earth Sample Registration (SESAR; https://www.geosamples.org/about/services#igsnregistration).,text,column_header,N/A,-9999
Index,N/A,Index of peak.,numeric,column_header,-9999,1
Intermittent_or_Perennial,N/A,Indicator of if the stream is intermittent or perennial.,text,column_header,N/A,-9999
Ion_Charge,N/A,Charge of the ion. This value is -1 for all  samples because we run our samples using electrospray ionization in the negative mode.,numeric,column_header,-9999,1
Ion_Type,N/A,"Indicates whether a formula was assigned from a given ionization category. This is always ""de-protonated"" because we run our samples using electrospray ionization in the negative mode.",text,column_header,N/A,-9999
Is_Isotopologue,N/A,Indicates whether a formula contains different isotopes of the same atom with 0 indicating it is not an isotopologue and 1 indicating that it is an isotopologue.,numeric,column_header,-9999,1
Isotopologue_Similarity,N/A,Value (0-1) given by CoreMS to evaluate whether an isotopologue matches the mono-isotopic version of the formula with 1 being the closest match.,numeric,column_header,-9999,0.0000001
Join_By_Field,N/A,"Field in the specified file that can be used to join with other files. If the join field is Parent_ID or Sample_Name, see the readme for details on sample naming conventions.",text,column_header,N/A,-9999
kdefect.CH2,N/A,"Kendrick Defect = Nominal Kendrick Mass - Kendrick Mass; Hughey et al., 2001.",numeric,column_header,-9999,0.000000001
kmass.CH2,N/A,"(IUPACmass)(14/14.01565); where IUPAC mass is based on the 12C atomic mass as exactly 12 Da. Hughey et al., 2001.",numeric,column_header,-9999,0.0001
lamO2,N/A,Thermodynamic efficiency (defined by lambda) at pH 7. Calculated as per Song et al. (2020).,numeric,column_header,-9999,0.000000001
lamO20,N/A,Thermodynamic efficiency (defined by lambda) at standard state (pH = 0). Calculated as per Song et al. (2020).,numeric,column_header,-9999,0.000000001
Latitude,decimal degrees WGS84,Geographic location (latitude).,numeric,column_header,-9999,0.00001
Locality,N/A,Name of field site where sample was collected.,text,column_header,N/A,-9999
Locality_Description,N/A,Description of the locality.,text,column_header,N/A,-9999
Longitude,decimal degrees WGS84,Geographic location (longitude).,numeric,column_header,-9999,0.0001
Macrophyte_Coverage,N/A,Estimated macrophyte cover in the river. One of the following classes may be selected: full; partial; or no coverage.,text,column_header,N/A,-9999
Mass,mass to charge ratio,Measured ionic mass. The units of mass to charge ration is commonly denoted as m/z.,numeric,column_header,-9999,0.0001
Material,N/A,Type of sample (e.g. Liquid>aqueous; sediment; etc). Uses a controlled vocabulary from IGSN SESAR (https://www.geosamples.org/).,text,column_header,N/A,-9999
Mean_00602_TN_mg_per_L_as_N,milligrams per liter,"Mean dissolved nitrogen [nitrate + nitrite + ammonia + organic-N] reported as nitrogen. 5-digit prefix refers to a US Geological Survey parameter code. For each sampling event (e.g. HJW_05_Water); the total nitrogen (TN) values of each of the three biological replicates (e.g.HJW_05_TN-1; HJW_05_TN-2; HJW_005_TN-3) are averaged. Any replicate values that were identified as an outlier or were above/below the limit of detection are not included in the mean. Outliers were identified using distance based outlier detection. If the set of replicates had a coefficient of variation of 30 percent or higher; the outlier was identified by calculating the distance between each of the replicates. The replicate with the highest distance to the other two replicates was flagged as an outlier. The ""Mean_Missing_Reps"" column indicates if a mean does not include all three replicates using a TRUE/FALSE flag where TRUE indicates one or more replicates are missing from the mean. Methods information is embedded in first few rows with methods codes that are defined in the file that ends in ""Methods_Codes.csv"".",numeric,column_header,-9999,0.001
Mean_00681_NPOC_mg_per_L_as_C,milligrams per liter,"Mean dissolved organic carbon data measured as non-purgeable organic carbon (NPOC) and reported as carbon. 5-digit prefix refers to a US Geological Survey parameter code. For each sampling event (e.g. HJW_05_Water); the NPOC values of each of the three biological replicates (e.g. HJW_05_OCN-1; HJW_05_OCN-2; HJW_05_OCN-3) are averaged. Any replicate values that were identified as an outlier or were above/below the limit of detection are not included in the mean. Outliers were identified using distance based outlier detection. If the set of replicates had a coefficient of variation of 30 percent or higher; the outlier was identified by calculating the distance between each of the replicates. The replicate with the highest distance to the other two replicates was flagged as an outlier. The ""Mean_Missing_Reps"" column indicates if a mean does not include all three replicates using a TRUE/FALSE flag where TRUE indicates one or more replicates are missing from the mean. Methods information is embedded in first few rows with methods codes that are defined in the file that ends in ""Methods_Codes.csv"".",numeric,column_header,-9999,0.001
Mean_Extractable_NPOC_mg_per_kg,milligrams per kilogram,"Mean dissolved organic carbon data measured as non-purgeable organic carbon (NPOC) and reported as carbon in as milligrams per kilogram. For each sampling event (e.g. HJW_05_Sediment); the NPOC values of each of the three biological replicates (e.g. HJW_05_SOC-1; HJW_05_SOC-2; HJW_05_SOC-3) are averaged. Any replicate values that were identified as an outlier or were above/below the limit of detection are not included in the mean. Outliers were identified using distance based outlier detection. If the set of replicates had a coefficient of variation of 30 percent or higher; the outlier was identified by calculating the distance between each of the replicates. The replicate with the highest distance to the other two replicates was flagged as an outlier. The ""Mean_Missing_Reps"" column indicates if a mean does not include all three replicates using a TRUE/FALSE flag where TRUE indicates one or more replicates are missing from the mean. Methods information is embedded in first few rows with methods codes that are defined in the file that ends in ""Methods_Codes.csv"".",numeric,column_header,-9999,0.001
Mean_Extractable_NPOC_mg_per_L,milligrams per liter,"Mean dissolved organic carbon data measured as non-purgeable organic carbon (NPOC) and reported as carbon in as milligrams per kilogram. For each sampling event (e.g. HJW_05_Sediment); the NPOC values of each of the three biological replicates (e.g. HJW_05_SOC-1; HJW_05_SOC-2; HJW_05_SOC-3) are averaged. Any replicate values that were identified as an outlier or were above/below the limit of detection are not included in the mean. Outliers were identified using distance based outlier detection. If the set of replicates had a coefficient of variation of 30 percent or higher; the outlier was identified by calculating the distance between each of the replicates. The replicate with the highest distance to the other two replicates was flagged as an outlier. The ""Mean_Missing_Reps"" column indicates if a mean does not include all three replicates using a TRUE/FALSE flag where TRUE indicates one or more replicates are missing from the mean. Methods information is embedded in first few rows with methods codes that are defined in the file that ends in ""Methods_Codes.csv"".",numeric,column_header,-9999,0.001
Mean_Extractable_TN_mg_per_kg,milligrams per kilogram,"Mean dissolved nitrogen [nitrate + nitrite + ammonia + organic-N] reported as nitrogen in milligrams per kilogram.  For each sampling event (e.g. HJW_05_Sediment); the total nitrogen (TN) values of each of the three biological replicates (e.g.HJW_05_SOC-1; HJW_05_SOC-2; HJW_05_SOC-3) are averaged. Any replicate values that were identified as an outlier or were above/below the limit of detection are not included in the mean. Outliers were identified using distance based outlier detection. If the set of replicates had a coefficient of variation of 30 percent or higher; the outlier was identified by calculating the distance between each of the replicates. The replicate with the highest distance to the other two replicates was flagged as an outlier. The ""Mean_Missing_Reps"" column indicates if a mean does not include all three replicates using a TRUE/FALSE flag where TRUE indicates one or more replicates are missing from the mean. Methods information is embedded in first few rows with methods codes that are defined in the file that ends in ""Methods_Codes.csv"".",numeric,column_header,-9999,0.001
Mean_Extractable_TN_mg_per_L,milligrams per liter,"Mean dissolved nitrogen [nitrate + nitrite + ammonia + organic-N] reported as nitrogen in milligrams per liter. For each sampling event (e.g. HJW_05_Sediment); the total nitrogen (TN) values of each of the three biological replicates (e.g.HJW_05_SOC-1; HJW_05_SOC-2; HJW_05_SOC-3) are averaged. Any replicate values that were identified as an outlier or were above/below the limit of detection are not included in the mean. Outliers were identified using distance based outlier detection. If the set of replicates had a coefficient of variation of 30 percent or higher; the outlier was identified by calculating the distance between each of the replicates. The replicate with the highest distance to the other two replicates was flagged as an outlier. The ""Mean_Missing_Reps"" column indicates if a mean does not include all three replicates using a TRUE/FALSE flag where TRUE indicates one or more replicates are missing from the mean. Methods information is embedded in first few rows with methods codes that are defined in the file that ends in ""Methods_Codes.csv"".",numeric,column_header,-9999,0.001
Mean_Missing_Reps,N/A,Indication of whether all replicates (reps) are included in the calculation of the mean (with a FALSE flag) or all replicates are not included (with a TRUE flag).,text,column_header,N/A,-9999
Method_Description,N/A,Description of method code.,text,column_header,N/A,-9999
Method_ID,N/A,Alphanumeric ID associated with method code.,text,column_header,N/A,-9999
Method_Instrument,N/A,Instrument used in method code.,text,column_header,N/A,-9999
Method_Lab,N/A,Laboratory in which methods were completed.,text,column_header,N/A,-9999
Method_Name,N/A,Name of method code category.,text,column_header,N/A,-9999
Method_Type,N/A,Type of method.,text,column_header,N/A,-9999
MethodID_Analysis,N/A,Method code defining information about analysis of the samples that led to the data presented in the column.,text,row_header,N/A,-9999
MethodID_DataProcessing,N/A,Method code defining information about data processing that led to the data presented in the column.,text,row_header,N/A,-9999
MethodID_Inspection,N/A,Method code defining information about inspection of the samples that led to the data presented in the column.,text,row_header,N/A,-9999
MethodID_Preparation,N/A,Method code defining information about preparation of the samples that led to the data presented in the column.,text,row_header,N/A,-9999
MethodID_Preservation,N/A,Method code defining information about preservation of the samples that led to the data presented in the column.,text,row_header,N/A,-9999
MethodID_Storage,N/A,Method code defining information about storage of the samples that led to the data presented in the column.,text,row_header,N/A,-9999
Methods_Deviation,N/A,"Deviations from the methods codes listed in the header rows. If a row has a methods deviation, it indicates that the sample from that row uses the methods indicated in the deviations column when they conflict with the methods written in the header rows above (MethodID_*).",text,column_header,N/A,-9999
Missing_Value_Code,N/A,"Cells with missing data are represented with a missing value code rather than an empty cell. This column describes which missing value codes were used. In most cases, the missing value code for numeric data is ""-9999"" and for character data is ""N/A"". Some files also use a missing value format specific to when a data value is below the limit of detection or above/below the standard curve. For these cases: a text string is included in the format ""[data type]_*|*_Raw_Not_Corrected|*_Final_Corrected"" in which the asterisks are the denoted individual data values. See the associated methods deviation (DTL_003) description for more details.",text,column_header,N/A,-9999
Molecular_Formula,N/A,"Molecular Formula. This column is a direct output of CoreMS. ""MolForm"" is the same column.",text,column_header,N/A,-9999
MolForm,N/A,"Molecular Formula. Same as ""Molecular_Formula"" column but shortened.",text,column_header,N/A,-9999
Mono_Isotopic_Index,N/A,Reference to the peak index of the mono-isotopic version of an isotopologue.,numeric,column_header,-9999,1
N,N/A,Nitrogen atoms in the analyzed molecule. Identified by an algorithm in Kujawinski and Behn (2006) and modified as described in Tfaily et al. (2017).,numeric,column_header,-9999,1
NOSC,N/A,Nominal Oxidation State of Carbon calculated as per LaRowe and Van Cappellen (2011).,numeric,column_header,-9999,0.00000001
Notes,N/A,Free text field to record notes related to the site visit including weather; site disturbance; or other information relevant to the quality of data collected.,text,column_header,N/A,-9999
NtoC_ratio,N/A,Nitrogen to Carbon ratio.,numeric,column_header,-9999,0.00000001
NtoP_ratio,N/A,Nitrogen to Phosphorous ratio.,numeric,column_header,-9999,1
O,N/A,Oxygen atoms in the analyzed molecule. Identified by an algorithm in Kujawinski and Behn (2006) and modified as described in Tfaily et al. (2017).,numeric,column_header,-9999,1
OtoC_ratio,N/A,Oxygen to carbon ratio.,numeric,column_header,-9999,0.00000001
P,N/A,Phosphorous atoms in the analyzed molecule. Identified by an algorithm in Kujawinski and Behn (2006) and modified as described in Tfaily et al. (2017).,numeric,column_header,-9999,1
Parent_ID,N/A,The ID associated with the entire kit of supplies and data used by the collaborator to collect data.,text,column_header,N/A,-9999
Parent_IGSN,N/A,The International Generic Sample Number (IGSN) for each site ID.,text,column_header,N/A,-9999
Peak_Area,N/A,Area underneath an assigned peak. We do not calculate this so it is -9999 (missing value used for numeric columns).,numeric,column_header,-9999,-9999
Peak_Height,N/A,"Equivalent to peak intensity (e.g., how big is a peak).",numeric,column_header,-9999,0.1
pH,pH,pH.,numeric,column_header,-9999,0.01
Physiographic_Feature_Name,N/A,Name of the physiographic feature (stream).,text,column_header,N/A,-9999
Primary_Physiographic_Feature,N/A,Type of physical feature that sample was collected from using suggested vocabulary from System for Earth Sample Registration (SESAR; https://www.geosamples.org/about/services#igsnregistration) system. Controlled vocabulary from SESAR.,text,column_header,N/A,-9999
PtoC_ratio,N/A,Phosphorus to Carbon ratio.,numeric,column_header,-9999,0.00000001
Related_URL,N/A,Related URL associated with the samples.,text,column_header,N/A,-9999
Related_URL_Type,N/A,Type of URL associated with the samples.,text,column_header,N/A,-9999
Reported_Precision,N/A,"Precision of the reported data values. For example, if the values are rounded to 1 decimal place, the precision would be 0.1. Similarly, if a value like 5.24 is reported (rounded to 2 decimal places), its precision would be 0.01.",numeric,column_header,-9999,-9999
Resolving_Power,N/A,Value which describes the instruments capability to distinguish a peak from a different peak given similar mass-to-charge ratios.,numeric,column_header,-9999,0.1
River_Gradient,N/A,General gradient of river. One of the following classes may be selected: relatively flat/gentle gradient (e.g.; valleys) or relatively steep gradient (e.g.; mountainous or hilly terrain).,text,column_header,N/A,-9999
S,N/A,Sulphur atoms in the analyzed molecule. Identified by an algorithm in Kujawinski and Behn (2006) and modified as described in Tfaily et al. (2017).,numeric,column_header,-9999,1
S_N,N/A,Signal-to-noise ratio.,numeric,column_header,-9999,0.01
Sample_Name,N/A,"Name of sample. If the sample name includes the material (i.e. ##_###_Water) the row is referring to all of samples of that analysis of a given material. Individual samples follow the format of [Parent_ID]_[analysis-specific indicator code]-[replicate number] (i.e. ##_###_OCN-1). Not all sample types have replicates. See file ending in ""readme.pdf"" for more details.",text,column_header,N/A,-9999
Sediment,N/A,Estimated dominant sediment type/size class of streambed. Size/type classes include gravel/cobble (>2 millimeters); sand; silt/mud (<0.0625 millimeters); or bedrock (primarily).,text,column_header,N/A,-9999
Sediment_Collection_Depth,N/A,Depth of sediment collection.,text,column_header,N/A,-9999
Site_ID,N/A,Site ID.,text,column_header,N/A,-9999
Specific_Conductance,microsiemens per centimeter,Specific conductance. Electrical conductivity at 25 degrees celsius.,numeric,column_header,-9999,0.1
Standard,N/A,ESS-DIVE Reporting Format (https://ess-dive.lbl.gov/data-reporting-formats/) or other standard applied to the data file.,text,column_header,N/A,-9999
State_or_Province,N/A,State or province where sample was collected.,text,column_header,N/A,-9999
Stream_Name,N/A,Stream name.,text,column_header,N/A,-9999
Term_Type,N/A,"Indicates how the term is used in the data package (e.g., a column_header, row_header, data_flag, or other variable).",text,column_header,N/A,-9999
Time_Arriving,hh:mm UTC-07:00,Site arrival time. Recorded in Pacific Daylight Time.,time,column_header,-9999,-9999
Unit,N/A,Unit of measurement that applies to a given column or row in the data package.,text,row_header; column_header,N/A,-9999
Unit_Basis,N/A,Basis of the units listed in the column.,text,row_header,N/A,-9999
Water_Depth,centimeters,Depth of water.,numeric,column_header,-9999,0.01
Water_Status,N/A,"Indicates the status of the water during sediment sampling. One of the following classes from the provided controlled vocabulary may be selected:  wet and flowing, wet and pooled, saturated (wet, no water on surface), damp wet but not saturated), and dry.",text,column_header,N/A,-9999
Water_Temperature,degrees celcius,Temperature of the water.,numeric,column_header,-9999,0.001
Weather,N/A,Weather conditions (sunny; partly cloudy; overcast; raining; other) during sample collection.,text,column_header,N/A,-9999
