Calibrated m/z,HJW_MQ_Blk-1_p05,HJW_MQ_Blk-2_p05
229.071877870747,1100134.4,605574.8
248.113931801331,923154.8,587585.3
362.969690333,10356192,5298665
318.010960337779,690183.8,1610644.1
401.042818234762,1007817.4,1480403.8
369.126612773146,1219997.8,2120591.3
323.15747084919,1874339.6,1048520.4
266.988590930222,1225260.1,842285.4
342.97954618147,46132768,23095378
249.022786167705,1650334.6,545284.6
221.081930320459,1540939.5,532432.3
195.139108736659,720830.8,547692.6
211.134039359812,932564.6,556708.3
243.123963492764,1843586,939424
418.040463236909,3271933.8,2365917
383.14228704546,1533781.8,1900478.1
279.144662265572,739796.4,542054.9
265.148100304272,30390608,2887010.3
362.985665057305,51772900,23983596
239.12895844953,2866175.5,1730051.5
209.154753777679,1425818.4,802391.2
241.144581023992,1126916.8,1093301.6
381.079208017873,381685120,5347341.5
289.121239835,1244137.9,598807.4
396.108300492255,3080858.3,2270620.5
242.17635211364,7235690.5,5183825.5
397.157961845916,881791.7,801409.2
309.147487311,1909762.4,1082537.1
279.163580997427,5194838.5,955112.7
294.174336317435,1239441.8,760965.9
422.125677479288,5765242,888236.9
406.975317977149,12612542,4773366
317.041702017688,1627280.4,597742.9
309.101061826465,5812989.5,772580.9
409.092389888859,3101569.3,2775505
221.154807244229,2408278.5,1966330.6
253.14472050191,11626249,7693960.5
269.139661901232,10194725,3931667
319.131814716,6493076,3385867
429.118745736251,800414.4,767988.2
325.178857536,2779835,987635.9
363.968970346103,1874871.9,1434535
427.984933147712,36861340,8371540.5
301.047625307624,7755701.5,2101075
249.149648333963,1107250,1113558.8
481.162827419607,60847492,56160696
362.981829875792,4793827,2258923.5
469.976425969166,4901993,2961428.5
426.971947955156,15353012,3766358
313.047542200853,5265591,1226781.3
315.063443408401,6530466.5,1701989.1
366.122104665024,3761803.3,1169988.6
381.176451348634,1042844.7,626209.9
438.961394674446,928981,2518697.8
422.976033653145,31224118,10471547
389.015146296576,3039864.8,1017502.4
405.010130330362,13959707,4416576
529.943804244834,5401684.5,2400448.8
329.07877253621,4712180,1526675.4
298.155856016668,1995542.1,697689.5
347.116705147006,4233517.5,762730.3
378.122605884485,13558511,1087399.5
379.16223594127,2634712.8,1333374.8
579.025093538392,6725985.5,8873651
353.136581306792,1873877.4,963944.3
369.131464093729,1099038.9,671376.3
449.105640954296,1012047.3,872241.7
501.066073825934,1895631.8,1404255.9
424.182352266736,3160641.8,3815842.3
379.179800319394,3832796.5,1979010.3
476.163360635024,11464091,11381148
347.237588578557,1054660.8,646270.3
439.241057628231,3229723,2078455.3
527.005959103337,4736496.5,2552418.3
351.044784074201,9081904,1771134.1
415.982290112284,904513.8,1368826.8
337.047524561321,2629629.5,967377.8
357.05358741485,1643258.9,821793.2
416.073959649437,1059925.5,2697744
363.099996581653,890364.6,686785.8
312.171521028796,8396883,3026760
381.131323663716,1577362.5,920984.4
533.118072633022,4803405.5,5560245.5
359.189871473784,1047866.9,1433895.1
503.118175282843,2852033.5,1560403
487.123136854999,2156411.3,1608669.5
518.128942130534,2036488.4,1403019
534.123399700951,6714758,3867117
550.118699986033,10338736,4660769
505.133727470855,8595630,5397823.5
520.144564318588,26165060,17927108
536.1393787463,2795006.8,1771107.8
504.149935608229,2140866.3,2138963.8
491.154145018,3322503,3183358
477.175310132997,826924,894520.8
520.969744758661,10076419,9594240
363.044789843545,5068272.5,2094583.3
550.116687018038,2267566.3,1035807.6
326.187157069817,12895050,3485484.5
393.131430277912,1555723,1086741.6
447.133452216114,9285678,4595164.5
539.136868012897,8513711,8019219
379.152300126929,2477526.3,1468028.6
395.146714094972,1383623.4,782091.1
395.164324270984,8161739,4119503
411.15923709753,1490745.8,815781
509.127034171082,2460310.5,2333990.3
449.14909855666,10043995,4022335
365.172947543224,1475004.8,784141.6
381.167911450153,1713562.6,739744.1
397.162372830055,2431360.8,950402.3
383.201199136186,5137251,2624458.5
366.222300667788,1148065.1,626776
603.172907563,3417971,2292394.5
468.971587412826,2117883.3,1137558.4
536.899626376275,100557744,1401620.4
442.971418677009,3409878,1603606.1
564.967763150592,4207926,2250226.3
317.063999311655,824851.1,686193.3
444.104914752546,777215.8,1131614.1
367.112404789635,6917475.5,1642756.8
369.110387710312,6355738,1527436.1
578.102958512953,1154282.8,1625647.3
340.203087399397,6792231,1885093.4
472.137651589682,4578187,2883415.3
375.157360558988,4405336,1918791.9
391.152290452637,4642388.5,2566250
407.146666011488,1511651.1,845980.2
377.172880680345,199232032,101236968
393.167881928858,22685716,12152350
409.162761552021,3962256.3,2341344.8
393.185630609201,3191319,1334561.4
425.15769215137,2052379.5,971154.4
379.188655122997,1454558.5,795396.1
395.18307266341,2645455.3,1744595.1
411.17797009117,2460477.8,1365929.3
427.173249933384,2322658,1592456.5
537.205452729829,9180254,1326786.6
381.204251905007,15633827,7664679.5
413.194029292874,1379820,796533.9
429.188664707088,1268142.8,866694.2
401.20040274239,903915.4,2062070.4
517.170266200059,1800967.9,1252236.4
580.165512226061,2752626,1868755.1
535.180453667251,2960349.5,3072067.5
519.185569682,1594687.8,1543616.3
480.971044128047,5623093,5189992.5
548.971374709299,6928136,2734966.8
562.970896095504,12329035,5968120.5
347.075075763133,985509.3,788579.4
403.15198568657,1174670.3,722084.5
389.172575860847,874011.9,694976.3
405.167940640762,1407805.1,1121891
421.162504932389,1163942.3,1187524.6
391.18862782518,9836124,4968562
407.183435095316,3044330.8,2111524.3
423.177920164217,1873762.5,1314988.6
439.17319963557,1959946,1076452.4
423.196198363509,1944934.5,1344688.9
455.167998905706,1072175.1,807594.3
409.199191819824,2716056,4621289
425.194040147439,1692451.6,2076315.4
441.188821417577,1326857.1,2248985.5
457.183898723503,997014.2,1847873.6
395.2199302867,1955799.4,1173211
411.21488332747,870853.5,863857.5
427.209732920034,705514.3,914065.6
443.204528199575,822291.1,2067289.3
427.227265350736,1500142.4,923798
556.960191779816,2433475.8,2784846.8
540.97498862554,5950672,5035316
576.966462810722,19014630,16855324
542.980822544037,2361687,998588.5
562.987171571006,344137824,161225984
578.981745537197,11704644,2747028.3
420.037101127025,2356912,1458102.9
373.101382165294,7888526,793127.5
363.153919583141,1984008.1,1059852
379.166562523186,6542297.5,3041407.5
339.196648038797,3173748,860430.1
417.167845015485,9653313,5503760
433.162670943819,1886287.5,1307531.5
433.180540423706,1441875.8,787856.1
449.175234952898,1592930.8,1074247
611.157490424831,1665369.3,3408254.5
419.183554797483,2208246,974571.6
435.177989237334,1856562.4,1253026.9
451.191076278783,1512094,1109174.1
405.204344642058,1301060.9,797291
421.199044579504,6739886,3744461.3
437.193783823229,2814494,1318083.8
421.216918577571,17416114,2084049.6
453.189142302307,2110178,1215020.6
437.211719847707,9258530,5349064.5
469.183957247943,2012488.1,907750.6
485.196550022688,1175603.1,818568.5
439.209623631631,1887763.1,1066734.5
455.204113041192,2821434,808886.2
471.199599460021,3187244,924138.4
425.230413143505,4469548,2674340.5
441.243011411717,9808407,5248808.5
545.201004015455,2093666.1,1790665.9
444.958044031104,1832418.3,3789655.3
522.99070311808,1964366.6,1982919.9
526.973963343993,19795424,9632337
394.995763764078,3849638,2565546.3
521.987028404579,32957228,31104934
565.987334178719,14137278,6739074.5
540.989789605243,160951520,137488704
603.984786226957,2808323.8,1303377.9
476.966346618031,1782488.8,1112803
541.98554951658,2214167,1866107.6
377.169644600486,19819034,9572579
591.076642444211,1517805,2104072.3
381.20040008099,1555874,847398.9
431.183627087175,4124797.3,2160262.5
447.178238228451,5169210,3309034
463.173340004703,1200923.5,977482.8
417.204154011558,1728329.1,952856.5
433.198571070619,2847320.3,1976981.1
449.193754443168,3917416,3248204.8
465.188995071287,1714630.5,1232925.8
419.219840793559,8871422,4593908.5
435.214555762512,28720188,15897773
451.209332578462,2621091.3,1928380
467.204423143803,2796676.3,1494272.9
451.227103012821,1592488.4,808129.5
483.199070210739,2283227.8,1223970.4
437.230433779573,1721895,1085901.6
453.225295115813,2435308.8,1247032.3
469.220360673432,2891605.3,2581748.5
485.214705730126,2784315,2859152.8
501.210107386795,2136854.3,3026342.3
423.251016117076,2307954.8,1254590.4
439.246063958107,30638108,17852664
487.230906831182,1496490.4,919309.1
673.262680569929,5413794.5,7608256.5
440.945463006007,932554.8,2455252.5
442.960933237413,4409299.5,11582739
408.999581847888,1097069.6,2038204.1
540.982312624747,17423572,14985528
351.1024708097,5905468,5590408
430.075793810113,2206587.5,977001
321.128797570222,2185621.3,1045604.1
323.144391516643,1946017.9,906694.8
338.15485189349,632381.2,938355.6
370.127337196901,1297402.4,939861.1
325.160075463195,16622264,8488626
341.155026844815,1548242.3,1279030.4
479.184377163825,5188182,2314360.3
430.215682345194,1067163.9,749964.9
477.188760447412,940849.3,1163582.3
527.224896491899,2310250,1356251
463.209296198387,1997095.8,4816472
479.204337014878,1826910.1,2421376.8
449.230536387586,4714098,2662487.8
465.224984333907,2250195,1787690.9
481.220341442464,2095516.3,1745874.1
497.214706966153,1516429.3,1130519.6
481.23771334818,3581347.5,1989081.6
467.240922850016,1305745,1597454.3
483.235617285722,1249515.4,1765170.3
499.230822600188,862036,1830881.8
473.276005449785,5417274.5,2080278.4
671.261426019962,5915034.5,9340399
545.002398971735,4421102.5,2975317.8
563.987642123553,8819402,4419455.5
635.007830082792,3255326.5,2815838.3
554.105687205433,2204416.3,1181054.9
601.10604903915,3007740,2224637
540.126471717308,2383591.3,2354507.5
556.121058822349,7800772.5,3880011.8
542.142016284392,7544689.5,3499990.3
558.136723712041,3197075.8,2316068.5
481.144099760659,1023868.6,1045169.7
497.13893281069,1865577,1886707.1
467.164757127933,2329718.3,908530.1
483.159788527292,19519690,18142482
499.154129946343,5684527,5055933
521.214385095224,989319.8,1044740.4
473.220970266607,791333.5,1596672.9
475.209274818343,3347492.3,2713113.8
491.22228077976,5141157.5,2844444.8
541.240376340281,2072936.9,1425869.3
477.22522920537,1560895.8,1314893.1
493.220235552317,2385466.3,2140345.3
477.242542730511,979910.9,834900.5
493.237565171766,1304130.5,1166529.6
559.251102368881,1821505,2786263.8
575.246005919073,1155166.6,2460799.3
463.245768121894,1094707.9,876388.6
479.241097655873,10084973,6213264
495.235863358738,2074597.5,972010.8
495.253672019589,13262318,8225395.5
539.27230844173,1015292.9,1038177
565.297852159698,2177031.3,2717382.5
574.98523364294,16297648,2473421.8
530.940219540887,3605123.3,1573614.1
754.970711392215,33863416,2674588.3
804.971042877758,53470072,8734441
377.166100486253,8037913,4048610.5
637.024738138432,1374754.5,1692061.1
481.150538353974,2477951.5,2425780.5
479.146738896706,2660934.8,1950824.6
535.229994868281,972281.5,1089631.4
519.235166256994,1465178.4,1245658.9
537.24550068521,1999477.3,1493721.6
473.229939619815,1695016.9,1128964.4
489.225293623791,14664480,8462222
505.220296566915,2093273,1491818.8
539.261416231983,1327862.6,1319770.5
475.245570078198,3139634.5,2047016.5
491.240821777628,3800750,2562853.5
507.235925159772,2091729.9,2145635
703.185474963613,4025952,3375043
461.266410289776,1751206.3,869805.6
477.261648167539,3663694.3,1932636.1
493.256617318128,41257548,25577162
509.250995660605,2000598.4,1908069.9
547.258706662051,2175767,1219457.8
575.281992435131,1120119.1,3298456.3
479.27683271191,1237627.8,871326.9
481.292791092745,2662842.5,1539568.9
673.258904976589,1813405.9,3071932
526.971727102393,4083165.8,1963599.1
540.987624059019,30371030,28059964
539.166946557352,937664.8,1346852.6
586.168012236156,4271346.5,2421426.3
541.183060719162,12676424,13912492
558.118382989,2667656.3,1835801
544.139053461492,2509815.3,1054813.8
633.186118032536,2194681.3,1708545.6
551.26101945832,1305175.4,1079500
519.271330983433,7759214,926446.3
585.266782835309,1274989.5,1067038.1
521.250844944571,1696155.6,1821720.1
701.188914289539,10191606,9523426
609.323595374239,2371908,3690287.5
520.997413937579,2808082.3,3162511.3
527.11003911109,4058666,1478811.3
816.041618507112,3656766.3,10375113
539.203914486291,9369813,1068601.3
561.245525597572,1238036.5,1240246.9
563.261002414518,2024192.9,1994160.9
547.266082379795,18864924,11409286
565.276748231307,1636345.9,2094776.9
581.271372842713,1835376.5,1400033.9
486.278170774907,879112.8,869733.8
567.29235104818,1171456.1,1181135.5
583.287220659442,1429235,1258115.3
535.302551825691,3801122.8,2235016.8
551.297133437122,2002541,1753313.9
598.948336186984,4187734.8,6617377
694.917900334013,6967166,4628251
661.13415180354,2313387.3,1718669.4
543.179965678794,4217290.5,4113968
579.292103004514,1121816.6,1358701.6
595.287041615735,1232202.8,1227710.9
550.266500745027,1701895.5,1087609.4
754.88510584329,2955904.3,3708699.3
429.067169715754,1466514.8,751719.1
661.040973906767,11702331,25425180
475.148211621184,1749260.6,1721857.3
587.260824326999,1799685.3,1093080.4
591.292092960707,1366925.3,1403820.8
549.402305721187,1151239.1,1457270.8
788.972007137972,15917131,5703275.5
804.966545771454,23241588,3696356.3
754.975069096746,81295104,7484322
579.030749791154,1277285.4,3262134.8
535.115605612192,1814456.3,2006046.3
661.177462804735,6129887,2223552.8
549.260730717281,1382323.4,1152034.6
605.307621733812,2150970,1878445.5
589.312849122492,1758682,1517011
497.150801365197,1572718.9,1944057
483.153562350842,2029256.5,2002190.6
489.218565060894,1370397.1,958602.9
493.249880787088,4567624,2741447.3
519.305221578154,2155391.8,983552.1
564.975800324013,12625211,6009335.5
817.037540104457,5767082,15794952
817.067776198019,70029248,174105376
557.443716943026,1254123.4,1238904.6
697.375236803325,3427665,5209157.5
788.968101546855,6901831,2492517.8
815.058192982991,50350292,174627968
855.233029101375,2788354.3,3064045.5
741.401248017874,3155873.5,3658869
579.108673696085,3787162.5,1730796.9
565.129605322115,8930716,6752858
581.124474283307,2111242.3,1391225.3
565.437072488193,1407584.3,1243424.1
564.583473412084,3105858.5,6578428
587.050973759803,1371501.8,1080636.9
511.134450852843,1675425.3,1058094.9
715.214492297292,15512570,7112297.5
796.41611700632,2759858.8,4475362
794.418897480475,2650161.3,5650597
661.051424372333,91189320,187331888
620.544295975426,1679814.8,2462504.3
867.2582854899,2697914.5,2345914.3
863.235135378913,5171894.5,4149797
818.484152513885,3245198.3,4302746.5
671.265310392633,17351070,24593908
925.26302009008,7336426,2958302.3
971.089720663808,53632680,159740912
973.067887419243,8993127,30600818
975.083494472258,3687442.8,11024583
971.094103874455,117137056,389772256
971.047765646287,3557058.5,10765329
863.239821379042,12843704,12603942
163.016538439742,792058.6,2481219
272.027039889756,1147751.5,665355.8
185.081977271086,1759307.4,1463770.8
303.002487189831,3246203.3,5800446
