Calibrated m/z,HJW_Blk-1_p05,HJW_Blk-2_p05
229.071723082,1100134.4,605574.8
248.114142085,923154.8,587585.3
362.969690333,10356192,5298665
318.010960338,690183.8,1610644.1
401.042818235,1007817.4,1480403.8
369.126612773,1219997.8,2120591.3
323.157470849,1874339.6,1048520.4
266.98859093,1225260.1,842285.4
342.979546181,46132768,23095378
249.022786168,1650334.6,545284.6
221.081922977,1540939.5,532432.3
195.139085132,720830.8,547692.6
211.133965337,932564.6,556708.3
243.123819748,1843586,939424
418.040463237,3271933.8,2365917
383.142287045,1533781.8,1900478.1
279.144662266,739796.4,542054.9
265.147955523,30390608,2887010.3
362.985665057,51772900,23983596
239.128901696,2866175.5,1730051.5
209.154735447,1425818.4,802391.2
241.144563217,1126916.8,1093301.6
381.079208018,381685120,5347341.5
289.121239835,1244137.9,598807.4
396.108300492,3080858.3,2270620.5
242.176183973,7235690.5,5183825.5
397.157961846,881791.7,801409.2
309.147487311,1909762.4,1082537.1
279.163548198,5194838.5,955112.7
294.174336317,1239441.8,760965.9
422.125677479,5765242,888236.9
406.975317977,12612542,4773366
317.04168243,1627280.4,597742.9
309.101061826,5812989.5,772580.9
409.092389889,3101569.3,2775505
221.15469796,2408278.5,1966330.6
253.144547371,11626249,7693960.5
269.139490576,10194725,3931667
319.131814716,6493076,3385867
429.118745736,800414.4,767988.2
325.178857536,2779835,987635.9
363.968970346,1874871.9,1434535
427.984933148,36861340,8371540.5
301.047625308,7755701.5,2101075
249.149657318,1107250,1113558.8
481.16282742,60847492,56160696
362.981829876,4793827,2258923.5
469.976425969,4901993,2961428.5
426.971947955,15353012,3766358
313.047542201,5265591,1226781.3
315.063443408,6530466.5,1701989.1
366.122104665,3761803.3,1169988.6
381.176451349,1042844.7,626209.9
438.961394674,928981,2518697.8
422.976033653,31224118,10471547
389.015133095,3039864.8,1017502.4
405.010018646,13959707,4416576
529.943804245,5401684.5,2400448.8
329.078772536,4712180,1526675.4
298.155856017,1995542.1,697689.5
347.116705147,4233517.5,762730.3
378.122605884,13558511,1087399.5
379.162489972,2634712.8,1333374.8
579.025093538,6725985.5,8873651
353.136581307,1873877.4,963944.3
369.131464094,1099038.9,671376.3
449.106009449,1012047.3,872241.7
501.066073826,1895631.8,1404255.9
424.182686864,3160641.8,3815842.3
379.179701707,3832796.5,1979010.3
476.163360635,11464091,11381148
347.237588579,1054660.8,646270.3
439.241057628,3229723,2078455.3
527.005959103,4736496.5,2552418.3
351.044784074,9081904,1771134.1
415.982290112,904513.8,1368826.8
337.047524561,2629629.5,967377.8
357.053587415,1643258.9,821793.2
416.073959649,1059925.5,2697744
363.099996582,890364.6,686785.8
312.172010102,8396883,3026760
381.131323664,1577362.5,920984.4
533.118072633,4803405.5,5560245.5
359.189850861,1047866.9,1433895.1
503.118175283,2852033.5,1560403
487.123136855,2156411.3,1608669.5
518.128942131,2036488.4,1403019
534.123399701,6714758,3867117
550.118699986,10338736,4660769
505.133727471,8595630,5397823.5
520.144564319,26165060,17927108
536.139378746,2795006.8,1771107.8
504.149935608,2140866.3,2138963.8
491.154145018,3322503,3183358
477.175310133,826924,894520.8
520.969744759,10076419,9594240
363.044789844,5068272.5,2094583.3
550.116687018,2267566.3,1035807.6
326.187715367,12895050,3485484.5
393.131430278,1555723,1086741.6
447.133452216,9285678,4595164.5
539.136868013,8513711,8019219
379.152300127,2477526.3,1468028.6
395.146714095,1383623.4,782091.1
395.164324271,8161739,4119503
411.159237098,1490745.8,815781
509.127034171,2460310.5,2333990.3
449.149098557,10043995,4022335
365.172947543,1475004.8,784141.6
381.16791145,1713562.6,739744.1
397.16237283,2431360.8,950402.3
383.201199136,5137251,2624458.5
366.222300668,1148065.1,626776
603.172907563,3417971,2292394.5
468.971587413,2117883.3,1137558.4
536.899626376,100557744,1401620.4
442.971418677,3409878,1603606.1
564.967763151,4207926,2250226.3
317.063999312,824851.1,686193.3
444.104882789,777215.8,1131614.1
367.11240479,6917475.5,1642756.8
369.11038771,6355738,1527436.1
578.102958513,1154282.8,1625647.3
340.203087399,6792231,1885093.4
472.13765159,4578187,2883415.3
375.157360559,4405336,1918791.9
391.152290453,4642388.5,2566250
407.146666011,1511651.1,845980.2
377.17288068,199232032,101236968
393.167881929,22685716,12152350
409.162761552,3962256.3,2341344.8
393.185630609,3191319,1334561.4
425.157692151,2052379.5,971154.4
379.188655123,1454558.5,795396.1
395.183072663,2645455.3,1744595.1
411.177970091,2460477.8,1365929.3
427.173249933,2322658,1592456.5
537.20545273,9180254,1326786.6
381.204251905,15633827,7664679.5
413.194029293,1379820,796533.9
429.188751196,1268142.8,866694.2
401.200402742,903915.4,2062070.4
517.1702662,1800967.9,1252236.4
580.165512226,2752626,1868755.1
535.180453667,2960349.5,3072067.5
519.185569682,1594687.8,1543616.3
480.971044128,5623093,5189992.5
548.971374709,6928136,2734966.8
562.970896096,12329035,5968120.5
347.075040699,985509.3,788579.4
403.151985687,1174670.3,722084.5
389.172575861,874011.9,694976.3
405.167940641,1407805.1,1121891
421.162504932,1163942.3,1187524.6
391.188627825,9836124,4968562
407.183435095,3044330.8,2111524.3
423.177920164,1873762.5,1314988.6
439.173199636,1959946,1076452.4
423.196198364,1944934.5,1344688.9
455.167998906,1072175.1,807594.3
409.19919182,2716056,4621289
425.194040147,1692451.6,2076315.4
441.188821418,1326857.1,2248985.5
457.183898724,997014.2,1847873.6
395.219930287,1955799.4,1173211
411.214883327,870853.5,863857.5
427.20973292,705514.3,914065.6
443.2045282,822291.1,2067289.3
427.227265351,1500142.4,923798
556.96019178,2433475.8,2784846.8
540.974988626,5950672,5035316
576.966462811,19014630,16855324
542.980822544,2361687,998588.5
562.987171571,344137824,161225984
578.981745537,11704644,2747028.3
420.037101127,2356912,1458102.9
373.101382165,7888526,793127.5
363.153919583,1984008.1,1059852
379.166562523,6542297.5,3041407.5
339.196648039,3173748,860430.1
417.167845015,9653313,5503760
433.162670944,1886287.5,1307531.5
433.180540424,1441875.8,787856.1
449.174762367,1592930.8,1074247
611.157490425,1665369.3,3408254.5
419.183554797,2208246,974571.6
435.177989237,1856562.4,1253026.9
451.191076279,1512094,1109174.1
405.204344642,1301060.9,797291
421.19904458,6739886,3744461.3
437.193783823,2814494,1318083.8
421.216918578,17416114,2084049.6
453.189142302,2110178,1215020.6
437.211719848,9258530,5349064.5
469.183957248,2012488.1,907750.6
485.19604592,1175603.1,818568.5
439.209623632,1887763.1,1066734.5
455.204113041,2821434,808886.2
471.19959946,3187244,924138.4
425.230413144,4469548,2674340.5
441.243011412,9808407,5248808.5
545.201004015,2093666.1,1790665.9
444.958044031,1832418.3,3789655.3
522.990703118,1964366.6,1982919.9
526.973963344,19795424,9632337
394.995763764,3849638,2565546.3
521.987028405,32957228,31104934
565.987334179,14137278,6739074.5
540.989789605,160951520,137488704
603.984786227,2808323.8,1303377.9
476.966346618,1782488.8,1112803
541.985549517,2214167,1866107.6
377.1696446,19819034,9572579
591.076642444,1517805,2104072.3
381.200400081,1555874,847398.9
431.183627087,4124797.3,2160262.5
447.178238228,5169210,3309034
463.173340005,1200923.5,977482.8
417.204154012,1728329.1,952856.5
433.198571071,2847320.3,1976981.1
449.193754443,3917416,3248204.8
465.188995071,1714630.5,1232925.8
419.219840794,8871422,4593908.5
435.214555763,28720188,15897773
451.209332578,2621091.3,1928380
467.204423144,2796676.3,1494272.9
451.227103013,1592488.4,808129.5
483.199070211,2283227.8,1223970.4
437.23043378,1721895,1085901.6
453.225295116,2435308.8,1247032.3
469.220360673,2891605.3,2581748.5
485.21470573,2784315,2859152.8
501.209589054,2136854.3,3026342.3
423.251016117,2307954.8,1254590.4
439.246063958,30638108,17852664
487.230906831,1496490.4,919309.1
673.26268057,5413794.5,7608256.5
440.945463006,932554.8,2455252.5
442.960933237,4409299.5,11582739
408.999581848,1097069.6,2038204.1
540.982312625,17423572,14985528
351.10290506,5905468,5590408
430.07579381,2206587.5,977001
321.128798886,2185621.3,1045604.1
323.144391517,1946017.9,906694.8
338.154851893,632381.2,938355.6
370.127337197,1297402.4,939861.1
325.160075675,16622264,8488626
341.155006742,1548242.3,1279030.4
479.184377164,5188182,2314360.3
430.215682345,1067163.9,749964.9
477.188760447,940849.3,1163582.3
527.224896492,2310250,1356251
463.209296198,1997095.8,4816472
479.204337015,1826910.1,2421376.8
449.230536388,4714098,2662487.8
465.224984334,2250195,1787690.9
481.220341442,2095516.3,1745874.1
497.214706966,1516429.3,1130519.6
481.237713348,3581347.5,1989081.6
467.24092285,1305745,1597454.3
483.235617286,1249515.4,1765170.3
499.2308226,862036,1830881.8
473.275898742,5417274.5,2080278.4
671.26142602,5915034.5,9340399
545.002398972,4421102.5,2975317.8
563.987642124,8819402,4419455.5
635.007830083,3255326.5,2815838.3
554.105687205,2204416.3,1181054.9
601.106049039,3007740,2224637
540.126471717,2383591.3,2354507.5
556.121058822,7800772.5,3880011.8
542.142016284,7544689.5,3499990.3
558.136723712,3197075.8,2316068.5
481.144099761,1023868.6,1045169.7
497.138932811,1865577,1886707.1
467.164757128,2329718.3,908530.1
483.159788527,19519690,18142482
499.154129946,5684527,5055933
521.214385095,989319.8,1044740.4
473.220970267,791333.5,1596672.9
475.209274818,3347492.3,2713113.8
491.22228078,5141157.5,2844444.8
541.24037634,2072936.9,1425869.3
477.225229205,1560895.8,1314893.1
493.220235552,2385466.3,2140345.3
477.242542731,979910.9,834900.5
493.237565172,1304130.5,1166529.6
559.251102369,1821505,2786263.8
575.246005919,1155166.6,2460799.3
463.245768122,1094707.9,876388.6
479.241097656,10084973,6213264
495.235863359,2074597.5,972010.8
495.25367202,13262318,8225395.5
539.272308442,1015292.9,1038177
565.29785216,2177031.3,2717382.5
574.985233643,16297648,2473421.8
530.940219541,3605123.3,1573614.1
754.970711392,33863416,2674588.3
804.971042878,53470072,8734441
377.166100486,8037913,4048610.5
637.024738138,1374754.5,1692061.1
481.150538354,2477951.5,2425780.5
479.146738897,2660934.8,1950824.6
535.229994868,972281.5,1089631.4
519.235166257,1465178.4,1245658.9
537.245500685,1999477.3,1493721.6
473.22993962,1695016.9,1128964.4
489.225293624,14664480,8462222
505.220296567,2093273,1491818.8
539.261416232,1327862.6,1319770.5
475.245570078,3139634.5,2047016.5
491.240821778,3800750,2562853.5
507.23592516,2091729.9,2145635
703.185474964,4025952,3375043
461.26641029,1751206.3,869805.6
477.261648168,3663694.3,1932636.1
493.256617318,41257548,25577162
509.250995661,2000598.4,1908069.9
547.258706662,2175767,1219457.8
575.281992435,1120119.1,3298456.3
479.276832712,1237627.8,871326.9
481.292791093,2662842.5,1539568.9
673.258904977,1813405.9,3071932
526.971727102,4083165.8,1963599.1
540.987624059,30371030,28059964
539.166947857,937664.8,1346852.6
586.168012236,4271346.5,2421426.3
541.183060719,12676424,13912492
558.118279701,2667656.3,1835801
544.139053461,2509815.3,1054813.8
633.186118033,2194681.3,1708545.6
551.261019458,1305175.4,1079500
519.271330983,7759214,926446.3
585.266782835,1274989.5,1067038.1
521.250844945,1696155.6,1821720.1
701.18891429,10191606,9523426
609.323595374,2371908,3690287.5
520.997413938,2808082.3,3162511.3
527.110039111,4058666,1478811.3
816.041618507,3656766.3,10375113
539.203914486,9369813,1068601.3
561.245525598,1238036.5,1240246.9
563.261002415,2024192.9,1994160.9
547.26608238,18864924,11409286
565.276748231,1636345.9,2094776.9
581.271372843,1835376.5,1400033.9
486.278170775,879112.8,869733.8
567.292351048,1171456.1,1181135.5
583.287220659,1429235,1258115.3
535.302551826,3801122.8,2235016.8
551.297133437,2002541,1753313.9
598.948336187,4187734.8,6617377
694.917900334,6967166,4628251
661.134151804,2313387.3,1718669.4
543.179965679,4217290.5,4113968
579.292103005,1121816.6,1358701.6
595.287041616,1232202.8,1227710.9
550.26653803,1701895.5,1087609.4
754.885105843,2955904.3,3708699.3
429.066677615,1466514.8,751719.1
661.040973907,11702331,25425180
475.148211621,1749260.6,1721857.3
587.260824327,1799685.3,1093080.4
591.292092961,1366925.3,1403820.8
549.402305721,1151239.1,1457270.8
788.972007138,15917131,5703275.5
804.966545771,23241588,3696356.3
754.975069097,81295104,7484322
579.030749791,1277285.4,3262134.8
535.115605612,1814456.3,2006046.3
661.177462805,6129887,2223552.8
549.260730717,1382323.4,1152034.6
605.307621734,2150970,1878445.5
589.312849122,1758682,1517011
497.150801365,1572718.9,1944057
483.153562351,2029256.5,2002190.6
489.218565061,1370397.1,958602.9
493.249880787,4567624,2741447.3
519.305221578,2155391.8,983552.1
564.975800324,12625211,6009335.5
817.037540104,5767082,15794952
817.067776198,70029248,174105376
557.443716943,1254123.4,1238904.6
697.375236803,3427665,5209157.5
788.968101547,6901831,2492517.8
815.058192983,50350292,174627968
855.233029101,2788354.3,3064045.5
741.401248018,3155873.5,3658869
579.108673696,3787162.5,1730796.9
565.129605322,8930716,6752858
581.124474283,2111242.3,1391225.3
565.437072488,1407584.3,1243424.1
564.583473412,3105858.5,6578428
587.05097376,1371501.8,1080636.9
511.134450853,1675425.3,1058094.9
715.214492297,15512570,7112297.5
796.416117006,2759858.8,4475362
794.41889748,2650161.3,5650597
661.051424372,91189320,187331888
620.544295975,1679814.8,2462504.3
867.25828549,2697914.5,2345914.3
863.235135379,5171894.5,4149797
818.484152514,3245198.3,4302746.5
671.265310393,17351070,24593908
925.26302009,7336426,2958302.3
971.089720664,53632680,159740912
973.067887419,8993127,30600818
975.083494472,3687442.8,11024583
971.094103874,117137056,389772256
971.047765646,3557058.5,10765329
863.239821379,12843704,12603942
163.01653844,792058.6,2481219
272.02703989,1147751.5,665355.8
185.081954518,1759307.4,1463770.8
303.00248719,3246203.3,5800446
