,AI.mean,AI.median,AI.sd,AI_Mod.mean,AI_Mod.median,AI_Mod.sd,DBE.mean,DBE.median,DBE.sd,DBE_O.mean,DBE_O.median,DBE_O.sd,KenMass.mean,KenMass.median,KenMass.sd,KenDef.mean,KenDef.median,KenDef.sd,NOSC.mean,NOSC.median,NOSC.sd,HtoC.mean,HtoC.median,HtoC.sd,OtoC.mean,OtoC.median,OtoC.sd,NtoC.mean,NtoC.median,NtoC.sd,PtoC.mean,PtoC.median,PtoC.sd,NtoP.mean,NtoP.median,NtoP.sd,GFE_0.mean,GFE_0.median,GFE_0.sd,GFE_7.mean,GFE_7.median,GFE_7.sd,GFEperC_0.mean,GFEperC_0.median,GFEperC_0.sd,GFEperC_7.mean,GFEperC_7.median,GFEperC_7.sd,lambdaO2_0.mean,lambdaO2_0.median,lambdaO2_0.sd,lambdaO2_7.mean,lambdaO2_7.median,lambdaO2_7.sd
HJA_155_2016,0.0786290858997079,0,0.164909772509104,0.21922303595421,0.179487179487179,0.214001537529138,7.28520499108734,6,4.95959306591535,-0.332144979203803,-1,4.81854639819651,377.371165129496,372.624895524931,100.446957939471,0.288965589458449,0.270054038592548,0.118261639115748,-0.4555016914493,-0.416666666666667,0.694908563697369,1.37766428362282,1.36,0.437587005087625,0.443761686352635,0.434782608695652,0.177127914818762,0.029231526873896,0,0.0679300172614854,0.0135857897184556,0,0.0264419497945107,Inf,2,NA,1310.78181818182,1269.6,530.958504082991,-2593.63215029514,-2570.00743203568,816.229285194609,73.281798206305,72.175,19.804894065375,-144.901287472125,-143.634250723466,9.91609060092358,0.058503156056966,0.0529346346828105,0.0256987575731169,0.0517787428466669,0.0466763344845079,0.0224047848651908
HJA_156_2016,0.0859738285403183,0,0.184997755513921,0.203724070047855,0.142857142857143,0.2248989026965,6.34648370497427,5,4.56916522866691,-0.543739279588336,-1,4.8308086116815,354.420515449252,346.241160537542,96.3954149376872,0.258729833766644,0.243742662809098,0.0996472752860698,-0.546689601134105,-0.5,0.673626310873111,1.43234324771436,1.46666666666667,0.45172455323248,0.427894685028105,0.421052631578947,0.168057854843311,0.0279638989890354,0,0.0677999660048394,0.013849292102286,0,0.0273298807986381,Inf,1,NA,1304.60068610635,1206,592.812477294111,-2491.45988715404,-2407.63052854913,862.688102003024,75.880653632322,74.55,19.1983498598837,-146.024343057547,-145.126033835755,9.77416518515451,0.0599956269014724,0.0560005454153076,0.02477371063649,0.0531513725356185,0.0498993838863372,0.0214940258578765
HJA_160_2016,0.135212902634582,0,0.199710977760433,0.270966216293936,0.25,0.233571595996849,8.55134854771784,8,5.45781180044524,1.14315352697095,0,5.63794734343135,394.531062150038,388.6706178661,107.116418204166,0.313854862410198,0.306427706528041,0.121918399099782,-0.401972705342563,-0.4,0.622259962861583,1.28824027539558,1.25,0.440080671400115,0.419535072885802,0.411764705882353,0.172734654130208,0.0309595865424208,0,0.058190473448427,0.0142573946942237,0,0.0240338641286857,Inf,2,NA,1365.6622406639,1329.9,565.906978246959,-2739.92673124998,-2649.91511874613,899.266362006613,71.756222102263,71.7,17.7344089415551,-144.487191960989,-144.050754118201,8.8373230935951,0.0568786208730519,0.0510839661574659,0.0235333016583261,0.0502294982125772,0.0453738086090283,0.0203470391901324
HJA_161_2016,0.0561470106058131,0,0.14949202758257,0.184540326821703,0.142857142857143,0.20004210474796,6.12725090036014,5,4.39275400470679,-0.895558223289316,-2,4.20163566556374,355.809610672539,348.716192717141,92.8713304971601,0.257616218217307,0.243273410080917,0.106499271570372,-0.567808039722189,-0.521739130434782,0.701191577059154,1.45799889335578,1.45454545454545,0.428138604017321,0.433357930456484,0.428571428571429,0.173406069461586,0.0244267126812009,0,0.0631029165460482,0.0131115077140102,0,0.0266605672900496,Inf,1,NA,1311.78079231693,1253.1,565.508843101338,-2496.49676898116,-2439.69974532524,807.36285773125,76.4825291320824,75.1695652173913,19.9839599461859,-146.359254643623,-144.923427897647,9.88189148940139,0.0590718228120916,0.0550020893115051,0.0246791376219037,0.0522739421717118,0.0482983460263744,0.021286450007536
HJA_162_2016,0.0904367651310255,0,0.172916159889427,0.224652485638031,0.176470588235294,0.219856299011934,7.46561108362197,6,4.88171269097066,-0.132112815437902,-1,4.86936909519972,383.941445553954,378.716616404234,100.509185486359,0.293586608342003,0.273933158433579,0.116922820201816,-0.467170480179895,-0.416666666666667,0.678854577055936,1.36682554042061,1.36,0.434907849647315,0.436599877092966,0.428571428571429,0.175904047104084,0.0281108430474237,0,0.0639705686656303,0.0145598982184716,0,0.0262679258263998,Inf,2,NA,1353.02226620485,1310.1,557.117209896963,-2659.83816903338,-2617.09970894313,834.958991272333,73.614358685127,72.175,19.3473554460942,-145.15852682114,-144.050754118201,9.68996918534511,0.0572872905815391,0.0520455308442797,0.0245717340023808,0.0506706443957781,0.0456554799826448,0.0212918258899581
HJA_163_2016,0.0588445382652049,0,0.160550524426657,0.166372988524489,0.0909090909090909,0.206634750439835,5.70233702337023,5,4.5946485202033,-0.883148831488315,-2,4.84131174706354,355.884702631532,340.798393566478,109.835291576699,0.248138696881336,0.233669394427011,0.101355020232747,-0.670421700600078,-0.75,0.685595636221929,1.50912844349508,1.57142857142857,0.42990299788698,0.41557048926842,0.411764705882353,0.16719269983693,0.0239832004588344,0,0.0601190312807482,0.016989577871496,0,0.0296519516706848,Inf,0,NA,1386.84391143911,1300.2,697.682668562693,-2551.73028519181,-2416.7920586148,1023.25493137951,79.4070184671022,81.675,19.539475632325,-147.958305211289,-148.158339321453,9.82695740865706,0.0580357504694788,0.0529304030259223,0.0259197407460955,0.0514046181779683,0.0473014225346431,0.0223181570870036
HJA_164_2016,0.145058189395372,0,0.218712642583732,0.234658896993219,0.170731707317073,0.245723893965423,8.22064869803563,6,6.49857341534082,2.15989036089539,1,6.62090611579635,415.189571271,420.625050259103,120.70212033652,0.325275691083367,0.311419574832428,0.131269138455337,-0.581896330697896,-0.545454545454546,0.63208317251542,1.38548433956283,1.39130434782609,0.466338794734006,0.330970395813707,0.3,0.17392188270018,0.0380631196759043,0,0.0632948836298265,0.0137146181644738,0,0.0229422771941223,Inf,2,NA,1556.03983554134,1554.6,619.706518167435,-2980.77474634422,-3029.6458292058,1015.14834121663,76.88404542489,75.8454545454546,18.0143704166895,-147.627704434845,-146.670924933989,10.2306559946544,0.0523597663146579,0.0431984920109282,0.0272577520285519,0.0463081597590025,0.0384551251127718,0.0238695767131376
HJA_165_2016,0.0851185570836109,0,0.192719100098814,0.223959550061266,0.2,0.212188877976921,7.7639405204461,7,5.68296819101979,0.200743494423792,-1,6.22548371541356,411.470114496523,386.642943020909,132.484996842707,0.301260968160719,0.293011222026848,0.127542191551999,-0.50509912766858,-0.416408668730651,0.743915211982284,1.38214354645603,1.3,0.454483903922879,0.414754236933921,0.411764705882353,0.208263896011112,0.024736656166004,0,0.0599902519686927,0.0105424808339631,0,0.0231067117834847,Inf,3,NA,1540.99126394052,1315.05,871.243369874973,-2952.10804958674,-2614.16894391029,1246.43716499865,74.6953251385545,72.1676470588235,21.2015835414951,-145.628810523017,-144.298303375689,10.2991787763956,0.0535281744753722,0.0520455308442797,0.0277558109737788,0.0471997851606002,0.0456546788847539,0.0249007173850607
HJA_169_2016,0.15292272021103,0,0.216001955970501,0.274337449840296,0.25,0.242905006275441,9.15535568274734,8,6.1721375667897,2.04456255110384,0,6.40054134603173,405.605996233781,396.677419467238,116.458140030219,0.325729031959123,0.30271453468086,0.140719879219832,-0.379575355148815,-0.346326836581709,0.567120032342681,1.28244114437759,1.25,0.44173829482935,0.394167236393825,0.375,0.171297108014068,0.0461377542846907,0,0.0694079552116246,0.0122572508711744,0,0.0210017817521662,Inf,2,NA,1397.59869174162,1377,549.586059346618,-2820.03093923899,-2718.63817887746,957.451727808401,71.1178976217412,70.1703148425787,16.1629209217664,-143.700104320763,-143.553465194022,8.11066710062749,0.0568332596037318,0.0496945151964034,0.0260885680700839,0.0503071503870221,0.0439743681308613,0.0229876465793884
HJA_170_2016,0.18281755035542,0.0588235294117647,0.231688324421291,0.29300802643692,0.263157894736842,0.250183490588526,9.87628405538187,9,6.57950383580353,3.31174631531934,2,6.45671644513393,427.216252200344,426.62714075537,121.021983875618,0.350518679513463,0.330613284578305,0.146441951977322,-0.429641624887482,-0.4,0.606063437545036,1.25703728618754,1.23076923076923,0.448180831947549,0.34093198262826,0.310344827586207,0.171070115301396,0.0428156144220328,0,0.0658206082391279,0.0121973392318516,0,0.0212808401560822,Inf,2,NA,1518.27695399732,1510.8,593.616618390609,-3039.56613210849,-3087.18426275802,1000.25277069843,72.5447863092932,71.7,17.2728079700335,-145.213906675079,-144.908890827329,9.13988980698055,0.0525897638004665,0.0448320761421855,0.0256690054929592,0.046388734566391,0.0393035088782165,0.0224370961204386
HJA_177_2016,0.140499349879455,0,0.206670090308528,0.253928182506497,0.212121212121212,0.237362004628523,8.18690248565966,7,5.59966527011268,1.48948374760994,0,6.03840604046628,387.013781559391,384.619093936564,99.3373555737775,0.302184023782939,0.289067580811462,0.119937625919768,-0.463923099569265,-0.461538461538462,0.568837927974979,1.33596467022151,1.33333333333333,0.445130698551854,0.389050503158632,0.375,0.174198551916464,0.0403448152857375,0,0.0655915196650223,0.0135772782922835,0,0.0235533598935073,Inf,2,NA,1380.6223709369,1377,506.182088653642,-2718.06518576526,-2672.82280545657,840.813371197328,73.5218083377241,73.4538461538462,16.2118809472869,-145.070826533575,-144.885454382081,8.41535773282683,0.0565795458632172,0.0496945151964034,0.0242412662487943,0.0501654679599911,0.0439828751733889,0.0210486830292974
HJA_178_2016,0.128487537324585,0,0.207474236642874,0.230357167608891,0.161290322580645,0.241249045830998,7.84016563146998,6,5.91132708251276,1.03354037267081,0,6.51154997125046,393.729799770418,388.653516010032,104.772135229041,0.307881389002593,0.292860353676076,0.123311892590011,-0.498538806775056,-0.482758620689655,0.57259577451124,1.38076650380966,1.41176470588235,0.455147575249787,0.399281251711847,0.375,0.183741634355438,0.0401584142822498,0,0.0658825827700996,0.0170437330218079,0,0.0266156197941336,Inf,2,NA,1406.21677018634,1377,561.220857512925,-2742.71274967538,-2670.79970894313,924.969687230912,74.5083559930891,74.0586206896552,16.3189795735703,-145.903899588289,-145.456029163318,8.72457697446059,0.0564957584129464,0.0496945151964034,0.0250520614185541,0.0500397263825134,0.0440108601578293,0.0217649715324214
HJA_190_2016,0.0978283360338281,0,0.185917962913836,0.212735852537975,0.142857142857143,0.234633504558687,6.96905124302385,6,4.85114001598936,-0.0329781836631152,-1,4.82731527881147,369.328273282278,362.825254450703,95.6852482557275,0.277003227108236,0.260488729670101,0.110063660290423,-0.472147070838764,-0.444444444444445,0.668071054692301,1.41232778648417,1.45454545454545,0.463699561595248,0.42320523085114,0.411764705882353,0.169965217759981,0.0476704147634433,0,0.0807808408488052,0.0142270953809357,0,0.0272866095690782,Inf,Inf,NA,1296.46179604262,1239.9,543.320151589717,-2532.09345230891,-2464.63052854913,821.40491547997,73.7561915189048,72.9666666666667,19.0400250587306,-144.546737805619,-143.775625399992,9.96602973457383,0.0597814608010539,0.0553982333765033,0.0250835972277149,0.0532003866130064,0.0493686087127137,0.0220111037840546
HJA_192_2016,0.0876740527498482,0,0.180793089541665,0.202627861278846,0.130434782608696,0.223173218116488,7.06418604651163,6,5.1263760288527,-0.552558139534884,-2,5.59613145520652,384.112133254199,382.616186316154,99.5664639590561,0.291587676033529,0.280029649356294,0.111147099393778,-0.527672093443996,-0.533333333333333,0.641493194109032,1.41295279622693,1.45454545454545,0.435091738156408,0.443393490200311,0.4375,0.175479813684961,0.0236269483639398,0,0.057724853113684,0.0177005443643886,0,0.0286292467997755,Inf,0,NA,1371.08930232558,1360.5,530.167944906517,-2660.29065858227,-2630.5766488118,829.981407698063,75.3386546631539,75.5,18.2825560321074,-146.305452498378,-145.716767697142,9.50768396009862,0.056487340080549,0.0505809439519614,0.0240782652555809,0.0500250646015083,0.0445429671150116,0.0208869662034243
HJA_260_2016,0.0865153023037397,0,0.179801316731695,0.204112322766086,0.131884057971014,0.227598369713911,6.59351753453773,6,4.52919180097003,-0.492561105207226,-1,4.55367865472769,361.902805016988,358.242371547591,91.7479406751767,0.268820912873969,0.255687528156073,0.105974541639415,-0.5144809055699,-0.5,0.674534436532707,1.42022302149994,1.45454545454545,0.445065706744448,0.431648721264463,0.421052631578947,0.16493268003309,0.033268475692569,0,0.0721900628969929,0.0147305036669961,0,0.0273813390883232,Inf,2,NA,1299.73613177471,1253.1,533.789160412683,-2509.95411882292,-2462.60743203568,779.913020137662,74.9627058087421,74.55,19.2242314411822,-145.535336789955,-144.755606016984,9.96142673629086,0.0599486892764504,0.054737005891597,0.026230268013698,0.0531692226377719,0.0481700710984196,0.0228909173857753
HJA_360_2016,0.0903240113114463,0,0.177512501368083,0.176546790862939,0.0769230769230769,0.216019449438872,6.37916126242975,5,4.76599817137726,-0.426286208387376,-1,5.57202299208086,385.158715328198,382.816249821735,100.035240911847,0.280541048801329,0.273895874112156,0.1013634754287,-0.614889768531702,-0.615384615384615,0.582062559938666,1.48581732435513,1.55555555555556,0.418670199053344,0.400716554504129,0.380952380952381,0.179467172795125,0.0343071001246693,0,0.063172018758828,0.0147906655628841,0,0.0247790043352192,Inf,2,NA,1447.62749675746,1420.8,570.225256434491,-2711.389678412,-2649.91511874613,861.675023438504,77.8243584031535,77.8384615384615,16.588782958252,-147.132849433362,-146.341522789246,9.26689590709666,0.0551519441826839,0.0485736710424676,0.0253615965509166,0.0491195806456077,0.0438259717823437,0.0220959066006427
HJA_45_2016,0.0766757530990586,0,0.168593164157781,0.184028856298971,0.111111111111111,0.213454256983317,6.44018643190057,6,4.36518501010885,-0.32936302433972,-1,4.47969079223687,364.396753289413,361.78089174801,88.4213004285117,0.264562091218893,0.251315692957519,0.0987411155801349,-0.548867437158194,-0.533333333333333,0.639554299962347,1.45905815008628,1.5,0.420054695101872,0.409206900966537,0.4,0.160964907616714,0.0469124365053701,0,0.0832747501003743,0.0144507282472998,0,0.0271089765482392,Inf,Inf,NA,1325.85660279648,1300.2,515.164875847934,-2529.34788356386,-2492.65355229835,758.795911320911,75.9427219590085,75.5,18.2272975489269,-145.501577835423,-145.196138453723,10.0504274470262,0.0585335356728279,0.0529346346828105,0.0254694395527688,0.052224789805811,0.0476959208914583,0.0227447746044993
HJA_47_2016,0.0761969462702517,0,0.160758291199698,0.219802117577252,0.181818181818182,0.212994746837515,7.10384615384615,6,4.71518345879367,-0.572435897435897,-1,4.4485379500751,378.083840848686,370.789093625197,104.164587526155,0.287954023108893,0.269920595762614,0.117869120241115,-0.481612027890643,-0.448028673835125,0.711484145636634,1.38040448008074,1.36,0.439459243414274,0.448071873883651,0.444444444444444,0.178389070442699,0.0192872620127163,0,0.0530611167172723,0.0141473866327106,0,0.0268349488884468,Inf,0,NA,1335.20884615385,1310.1,580.141648369722,-2618.17273096932,-2579.16896210135,852.973781876996,74.0259427948833,73.0688172043011,20.2772981506441,-145.655528961687,-144.675509210304,9.86293320471289,0.0579660253115696,0.0519842706623621,0.0254044185458692,0.0511106590120888,0.0457068236792891,0.0218040348106147
HJA_49_2016,0.0840562286332519,0,0.166339427672161,0.202206563014811,0.142857142857143,0.213417184163921,7.04289044289044,6,4.76402358788459,-0.133333333333333,-1,4.97005335466921,376.59384920101,372.777492906858,97.4799176347494,0.283073875913405,0.266461645374989,0.109341622343311,-0.487638282502723,-0.470588235294118,0.625885935279946,1.41401023482158,1.42857142857143,0.42221446522415,0.426739594358199,0.411764705882353,0.174699668153623,0.042151009582798,0,0.0769777582700313,0.0149280363978614,0,0.0270742750715641,Inf,2,NA,1330.57370629371,1300.2,534.015026104098,-2590.67715764169,-2533.35358868046,832.278377689885,74.1976910513276,73.7117647058824,17.8377491554785,-144.984431147205,-144.449148669687,9.52954778975245,0.0586018686905217,0.0529346346828105,0.025027142672714,0.0521259912723242,0.0473368216121162,0.0218099591204921
HJA_50_2016,0.0613752746489227,0,0.156533960783042,0.164761577511122,0.0909090909090909,0.200271259311342,5.76493108728943,5,4.35659836404416,-0.688361408882083,-2,4.49249379017091,350.359245612823,348.684287575032,86.5739862663017,0.246420543379253,0.233861112756131,0.0949098857981958,-0.6458739443546,-0.666666666666667,0.653725525410007,1.50934911308545,1.5625,0.419811628612898,0.405141322762246,0.4,0.165353131884669,0.0373381983763599,0,0.0774769158446979,0.0161930768663127,0,0.0292552263167838,Inf,1,NA,1336.65252679939,1295.25,561.549866266528,-2482.27409932552,-2431.81511874613,801.972264957235,78.7074074141061,79.3,18.6311774741852,-147.11145776366,-147.10511234626,9.91888274226768,0.0584792699398632,0.0529755306196305,0.0253711603560308,0.0521083947660509,0.0478667499664713,0.0222660157127878
HJA_53_2016,0.102286787061802,0,0.18175933529352,0.208136882119251,0.138996138996139,0.226703078140752,7.05901189387008,6,4.84937361619248,-0.005032021957914,-1,5.26153281160331,381.334549405682,380.587920110019,96.4311797969252,0.285304208224985,0.274244754613591,0.108623472419879,-0.485479900923845,-0.476190476190476,0.586661615594728,1.41576495488543,1.45643939393939,0.435690847642531,0.415865530418312,0.4,0.172001921428023,0.044335150780951,0,0.073399396789764,0.012478983783004,0,0.0228865352682408,Inf,3,NA,1357.67950594694,1316.7,536.706092589198,-2631.9292511214,-2577.14586558791,821.8429486665,74.1361771763296,73.8714285714286,16.7198560444497,-144.813858876338,-144.445335729466,8.87811829738109,0.0579285056143419,0.0526280225265598,0.0251993298265242,0.0515366917098226,0.046791771581261,0.021787946890715
HJA_54_2016,0.066037225036218,0,0.154191954436386,0.178366308288316,0.111111111111111,0.208180584636944,6.19404693760733,5,4.37746612465255,-0.779049799656554,-1,4.46679958402708,362.019300329567,358.798437813444,89.7445308017532,0.262897724239594,0.247146486677423,0.102005954811799,-0.568235829621277,-0.6,0.659910403399879,1.47320386828608,1.52941176470588,0.426553125299006,0.426016647950535,0.411764705882353,0.167641434964228,0.037461440568697,0,0.0756938519377555,0.0156247079033985,0,0.0285777642851947,Inf,2,NA,1319.09502003434,1300.2,523.163209465337,-2510.18469940949,-2483.49202223269,768.907978988467,76.4947211442064,77.4,18.8074464968966,-146.102554940974,-145.906394980589,9.94787822925129,0.0585889509690099,0.0529346346828105,0.025049271657555,0.0521390134233946,0.0475408503917484,0.0217629006643167
HJA_55_2016,0.0726868879855464,0,0.171969815862773,0.162809478491666,0.0769230769230769,0.207912830384082,5.82976827094474,5,4.74679907545673,-0.529411764705882,-2,5.13853828889548,362.819014265345,350.8337475908,108.995271149543,0.246048123246483,0.229431228234176,0.10325759956089,-0.749498854891141,-0.842105263157895,0.643620183355987,1.53202034257668,1.6,0.421446551582098,0.387208848100546,0.380952380952381,0.166101622754645,0.0266334434427594,0,0.0634194654028394,0.0180966092717639,0,0.0293899481302285,Inf,0,NA,1479.14278074866,1420.8,686.838620118369,-2670.67989579996,-2545.44588377896,1023.69821888302,81.6607173643975,84.3,18.3431752256456,-148.809107908896,-149.389063253403,9.58510000437808,0.0543763957378423,0.0474606153324641,0.0265720350738636,0.048437957464258,0.0422822035662467,0.0231166698633453
HJA_56_2016,0.0649330713896321,0,0.169377683156838,0.145985893668259,0.0344827586206897,0.203977631057711,5.38197424892704,4,4.60677327507325,-1.02575107296137,-2,4.96728091329538,352.349567983199,348.254540887936,97.9528139313285,0.238414849419189,0.228401731350345,0.0961617560799448,-0.772317401297653,-0.875,0.622529994959194,1.56539718662536,1.64705882352941,0.415324398295642,0.40171264908754,0.4,0.162823970376478,0.0260989776081484,0,0.0633711981190364,0.0204499800581645,0,0.0312629346068551,Inf,0,NA,1414.51094420601,1363.8,586.935257747094,-2552.62276602536,-2467.18819706852,876.236728694612,82.3110459369831,85.2375,17.742104856337,-149.178410502878,-149.829738720154,9.52487039729222,0.0552467117432002,0.049237392664763,0.024499579338149,0.0492389873243607,0.0439581614267052,0.0213358625358661
HJA_57_2016,0.0735913857598634,0,0.162768408311637,0.20562663076258,0.157894736842105,0.213641405523084,6.90423572744015,6,4.77291837986576,-0.987108655616943,-2,4.93014652598386,382.0666868299,374.710802284161,103.540689090535,0.290587571573134,0.279605412092906,0.113947564047906,-0.500451038453836,-0.526315789473684,0.695578086577931,1.40328151385212,1.4,0.441343771277085,0.459918301255271,0.466666666666667,0.181894679555241,0.0155181628744515,0,0.0477090356702217,0.0156687073342026,0,0.0279203435654478,Inf,0,NA,1348.12044198895,1303.5,579.489002079849,-2633.18562092071,-2579.16896210135,848.137401630309,74.5628545959343,75.3,19.823975467471,-146.128661739386,-145.200217495786,9.68483779039355,0.0572903467261267,0.0522648663388374,0.0241852798389093,0.0505175569458627,0.0459131416497877,0.0207180563306717
HJA_58_2016,0.08779589719607,0,0.171803701254379,0.212567835249205,0.157894736842105,0.219614913393097,7.21049974760222,6,4.77193085061545,-0.395254921756689,-1,4.8461958107878,380.671898133792,374.674595765876,98.3520911846777,0.294785359393673,0.281495187879273,0.11403748171442,-0.449027310603636,-0.4,0.62951850706908,1.38835135489214,1.36842105263158,0.438318213051844,0.449049373009774,0.4375,0.177266784736454,0.0351884457108798,0,0.0722852101202048,0.0166833035789714,0,0.0281239687523982,Inf,2,NA,1301.33079252903,1263,501.127142258237,-2577.84251552588,-2525.46896210135,790.677950245106,73.0972783522036,71.7,17.9412774514688,-144.920605129311,-144.050754118201,9.25550310707114,0.0590796893096677,0.0543605829175725,0.023837522796272,0.0523017790077092,0.0479662829783808,0.0207157856360756
HJA_60_2016,0.0819810896423962,0,0.17285805249151,0.181426835559788,0.1,0.215222610612893,6.39770554493308,5,4.57589744115546,-0.334608030592734,-1,4.89203250274685,369.227253751853,370.182116814061,91.3104066580377,0.264142041645776,0.252795070653179,0.100180495112016,-0.591314732182043,-0.603030303030303,0.61841521014494,1.47129603615485,1.53333333333333,0.419160168499133,0.402999098338561,0.388888888888889,0.162859891359344,0.0411742730509787,0,0.0761736475540164,0.0144642122745421,0,0.0257824955756143,Inf,2,NA,1385.1423040153,1363.8,548.472150748228,-2604.79898879364,-2578.15741384463,813.659147366439,77.1524698671882,77.4863636363636,17.6248334891308,-146.207875614345,-146.206771690949,9.61277738849291,0.0569122975583637,0.0506379193884589,0.0255914964182815,0.0507685491586804,0.0454487267172857,0.0222826173554713
HJA_64_2016,0.130451364436007,0,0.199443172320564,0.245541245459704,0.2,0.22975124909468,8.85012994513428,8,5.8073544838386,1.58446433727982,1,6.08397436968213,427.422733294144,424.598168676301,120.003877094334,0.331814785555419,0.312179395604176,0.13512279547186,-0.472048930454912,-0.461538461538462,0.59307867457519,1.33101168226205,1.36,0.422359178183433,0.381947122160316,0.363636363636364,0.177939103594231,0.0380975369758848,0,0.0641612782574024,0.0127501452019902,0,0.0223570830406924,Inf,2,NA,1551.0082298585,1491,644.383666240074,-3033.24245416231,-2932.69198585058,1030.77098943905,73.753394517965,73.4538461538462,16.9027422253929,-145.262187716927,-145.187164561186,8.89708811453947,0.0520446232291744,0.0460104646007884,0.0245028637336661,0.0461094160280168,0.0402559905014487,0.0214419597133109
HJA_65_2016,0.106932798280928,0,0.187967640022945,0.227423549026891,0.172413793103448,0.229524287421223,7.47796432318993,6,4.93270059616737,0.270199370409234,-1,5.32974849949246,386.441714993344,384.778579611862,95.9092273845455,0.29490620287811,0.287241718079457,0.112850371431412,-0.481718736324516,-0.5,0.599683777639876,1.36821120229626,1.38461538461538,0.428247095314427,0.413054287393646,0.411764705882353,0.173890233734023,0.0274510345996184,0,0.0579534863787887,0.0114938185213117,0,0.0219884889647143,Inf,2,NA,1387.21841552991,1367.1,543.312844312141,-2707.233004828,-2653.75355229835,818.663153469789,74.0289839852487,74.55,17.0909876627365,-145.517596158592,-145.202957265125,8.48738185931048,0.0560851626780984,0.0504383573777805,0.024128971297299,0.0496509654711387,0.044859676220923,0.020631842531976
HJA_66_2016,0.0710665976936481,0,0.167987714570523,0.182116877015082,0.111111111111111,0.213543421098165,6.18181818181818,5,4.53651133696103,-0.66013986013986,-1,4.7052245258933,360.609102223819,354.77083972124,97.6401196140046,0.258729944012804,0.243695890094301,0.103069409600459,-0.592259326338355,-0.588235294117647,0.65838744676588,1.47477149808283,1.52380952380952,0.433606575864793,0.417646697573557,0.411764705882353,0.163526490490203,0.0352231581220212,0,0.0741025662950452,0.0151842141321785,0,0.0284098791876274,Inf,2,NA,1340.95405594406,1300.2,579.201880568854,-2532.08211170929,-2462.60743203568,852.992559438086,77.1793908006431,77.0647058823529,18.7640422328276,-146.407901480342,-145.832463084569,9.87255567530195,0.0581630669823449,0.0529346346828105,0.024328189964654,0.0517194747775628,0.0473269705529037,0.0211823086112807
HJA_68_2016,0.118902606395234,0,0.198198704457104,0.265671475981932,0.235294117647059,0.230202396523282,8.10427606901725,8,5.15280803547497,0.622655663915979,-1,5.48169187340982,379.978929770666,374.689811753575,100.448751856895,0.301640371870143,0.296701840585342,0.117279781814573,-0.354404961828561,-0.333333333333333,0.614512175164422,1.29443872891313,1.25,0.440921624500666,0.440022486506103,0.444444444444444,0.178587181380435,0.0314619370822982,0,0.0641111171636521,0.010964509190041,0,0.0220409433296407,Inf,2,NA,1283.49744936234,1243.2,540.331292666203,-2604.34420802146,-2533.35358868046,843.723240411774,70.400541412114,69.8,17.513596992186,-143.555678141239,-143.086219940919,8.5646415672586,0.0601556335226199,0.0550934697811646,0.0236231524332781,0.0531448510453474,0.0483686498517005,0.0204992754124367
HJA_71_2016,0.0818458121253249,0,0.183835077317728,0.157019137718897,0.0344827586206897,0.211261655031729,5.95514147688061,5,4.88571631311758,-0.849551414768806,-2,6.03106611066642,366.430286076485,364.747165678509,90.472673417917,0.257084523928617,0.252669936249845,0.0880350532107293,-0.723799391393885,-0.769230769230769,0.570201184375351,1.5301956074798,1.61111111111111,0.409902802043418,0.415993345694654,0.428571428571429,0.178388778067849,0.0225757921359393,0,0.0629444134478738,0.0214860053042321,0,0.0315184098961068,Inf,0,NA,1446.09544513458,1420.8,554.076209211872,-2647.45016184701,-2575.86896210135,870.174117780621,80.9282826547257,82.2230769230769,16.2507337546975,-148.856326754512,-149.114558548931,9.13323814480884,0.0546210844715857,0.0480550296314234,0.0255743022106027,0.0486774063953451,0.0427939665529725,0.022230976465211
HJA_72_2016,0.0976488825855812,0,0.183409196556653,0.225794849258293,0.172413793103448,0.228662014121907,7.17853231106243,6,4.50666468211666,-0.20591456736035,-1,4.3775627248143,372.183893870943,362.782387380464,99.2051819212869,0.283795066625842,0.270059370132657,0.10833419711796,-0.450795551513846,-0.413793103448276,0.646530583265815,1.36846110501895,1.36842105263158,0.442504735202192,0.434691419862122,0.428571428571429,0.16345008578587,0.0310208887562876,0,0.0677903469742582,0.0126520546771792,0,0.0259473065861036,Inf,2,NA,1299.59490690033,1259.7,535.560432619648,-2564.92199318512,-2512.46899848346,807.83610052223,73.1476732181446,72.0931034482759,18.4261216230757,-144.773331022816,-143.810393813625,9.35469547791196,0.059210752808189,0.0542407032371018,0.0236580162887106,0.0524279270257676,0.0479883450744241,0.0205133459861353
HJA_73_2016,0.138611220952962,0,0.200530730170089,0.265897379629692,0.241379310344828,0.233085900970036,8.71880199667221,8,5.57011488549375,1.40973377703827,0,5.94269388261299,399.380299431747,394.763850826112,103.872712768601,0.31978376292832,0.311780313506688,0.124387313134753,-0.399881593124715,-0.4,0.587333296981472,1.2931791131893,1.26666666666667,0.432849587146053,0.411388627733217,0.4,0.174960859032685,0.0377195895450336,0,0.0630624923689825,0.0147127631945996,0,0.0238519784489693,Inf,2,NA,1376.64783693844,1363.8,524.807448881471,-2765.30594307204,-2697.75358868046,871.115343150402,71.6966254040544,71.7,16.738998963972,-144.335810738695,-144.050754118201,8.56257876552795,0.0563215904655703,0.0506130614033209,0.023295658944864,0.0498282947648445,0.0448408402894375,0.0202865489028565
HJA_74_2016,0.0629527528543208,0,0.156707033696897,0.166695207971682,0.0833333333333333,0.205858902026358,5.98882265275708,5,4.51502028322525,-0.786885245901639,-2,4.60692417138601,358.185621080994,354.749939798368,86.2043800055027,0.259237339274308,0.243716594877867,0.102913942898392,-0.593591254130698,-0.6,0.643473536299468,1.50363547437906,1.57518796992481,0.430649626076728,0.422128248670055,0.411764705882353,0.164944936961119,0.0443282490316491,0,0.0820254076858744,0.0176806588546498,0,0.0301696124555759,Inf,2,NA,1305.1305514158,1295.25,497.772256073772,-2469.82289274872,-2455.09590197001,740.429728534692,77.2173507427249,77.4,18.3389957845348,-146.333490645118,-145.937548441932,9.96332429002804,0.0589382213743934,0.0538313366553731,0.0241085998628725,0.0525377924116657,0.0479061477927182,0.0211843449699381
HJA_76_2016,0.264500245187424,0.2,0.2694900401149,0.384738254653139,0.4,0.27173298144947,12.3976705490849,12,7.37006539329228,5.8481697171381,5,7.38759805720571,447.58848033904,444.555998093631,112.195736158197,0.389889045319654,0.386731437856952,0.128385019208892,-0.163958270464311,-0.125,0.67348602547092,1.09994893348543,1.03703703703704,0.452695661364468,0.321247279527059,0.296296296296296,0.176894470236027,0.0742547387473307,0.0526315789473684,0.0743363889167032,0.00626782767136832,0,0.0177919097174917,Inf,Inf,NA,1405.90682196339,1321.65,579.159015481528,-3063.389262009,-2921.60737746252,970.666646116737,64.9728107082329,63.8625,19.1943517259212,-140.920319426019,-141.980429773518,11.6032122163415,0.052771996280816,0.0496945151964034,0.0208120240545804,0.0463572479854344,0.0438720207332234,0.0178541702620078
HJA_82_2016,0.0720224356650902,0,0.1567217457505,0.219376505445152,0.181818181818182,0.21093482618072,6.98053892215569,7,4.7418365894641,-0.76122754491018,-2,4.37672012941834,371.924660274258,364.777587058752,94.510819248252,0.287914576041416,0.270052564740183,0.116570529859867,-0.461574430937116,-0.4,0.719093942163716,1.37782117090652,1.33333333333333,0.447637240058699,0.459847147354031,0.454545454545455,0.177782845206077,0.0161253390492411,0,0.0494540675832578,0.0137995125665071,0,0.0266900604130709,Inf,0,NA,1283.76017964072,1263,507.551434460478,-2544.78097318782,-2531.33049216702,742.204984996049,73.4548712817078,71.7,20.4941773516659,-145.557519333363,-144.050754118201,9.90267704123697,0.0591664169405128,0.0530289706843438,0.0246709088195588,0.0520692764639634,0.0470494580545585,0.0211851982157139
HJA_83_2016,0.0944617179749078,0,0.173785049294667,0.206787763613866,0.142857142857143,0.217659838891529,7.03445065176909,6,4.71020706618297,-0.0507448789571695,-1,5.07408866536393,379.406528574603,377.787657438149,94.3496688527897,0.281553362082673,0.270136179128372,0.106373185914224,-0.538580453962676,-0.545454545454546,0.61711765631562,1.41979520820461,1.45454545454545,0.42986489757935,0.414257481456959,0.4,0.171979439211759,0.0371133398625989,0,0.0716655845569173,0.0156385247657654,0,0.0259930663593778,Inf,2,NA,1384.49469273743,1370.4,529.876250986778,-2655.1215978587,-2623.97278726552,803.988499173896,75.6495429379363,75.8454545454546,17.5878532049952,-145.795447375215,-145.530019733476,9.34508790952004,0.0562382956404775,0.0499850043026974,0.0242061783168521,0.0500588936328191,0.0443662933936504,0.0211456467602013
HJA_84_2016,0.132566507286559,0,0.204684216298305,0.253885292036593,0.217391304347826,0.229613682162985,8.24229765013055,7,5.54348129749566,1.30339425587467,0,6.10850717821973,391.965619430807,390.775949928116,100.749077947174,0.301743493474859,0.287806352612961,0.118341252957315,-0.492321599440747,-0.482758620689655,0.594905111758627,1.33149400078102,1.33333333333333,0.432207439544056,0.392589523236411,0.375,0.177748145183987,0.032036436820385,0,0.0573858046227905,0.014177337889993,0,0.0237732136561853,Inf,2,NA,1431.87963446475,1434,555.786876954137,-2791.58585800751,-2743.56896210135,875.136094494226,74.3311655840613,74.0586206896552,16.9547956851209,-145.535841449473,-145.196138453723,8.47921485515763,0.054566014506997,0.0480550296314234,0.0233615664112788,0.0483140839715445,0.0424348180536089,0.0201742561641284
HJA_CC-1-15m_2016,0.133995693993841,0,0.206858369779311,0.269780488579188,0.25,0.235486498340827,8.44468664850136,8,5.22843161065715,1.19291553133515,0,5.53346653147115,385.87287297048,378.752990734928,101.248301015968,0.309143378294142,0.302555266719708,0.118643210702641,-0.355401992686008,-0.333333333333333,0.587100552324767,1.2841892614244,1.25,0.435674436209279,0.420418178418848,0.416666666666667,0.173233038575488,0.0406796794202745,0,0.0708156765251924,0.0124975443681317,0,0.0227742670520109,Inf,2,NA,1304.4148773842,1266.3,506.461787808593,-2646.70451887855,-2556.26127539091,834.316165119632,70.4289567915512,69.8,16.7323657412559,-143.480612343782,-143.350534757775,8.59800249006181,0.0594911282426999,0.0543605829175725,0.0246253845876246,0.0526288058643136,0.0479662829783808,0.0213590407597843
HJA_CC-2-55m_2016,0.174452236667889,0,0.225137156724603,0.306659101512262,0.291666666666667,0.249044217960071,9.51868703282418,9,5.6250466114414,2.3019174520637,1,5.79163893019368,409.089819278783,403.741542199184,108.712350262404,0.33527009398286,0.328563003071565,0.126143400428622,-0.321370125870784,-0.3,0.587502364391233,1.22588981359977,1.19230769230769,0.442368976155842,0.394279325435276,0.380952380952381,0.16812273522511,0.0435126169791828,0,0.0646193071777122,0.0114640653741987,0,0.0202369424238319,Inf,3,NA,1385.84039649009,1333.2,557.430878705776,-2835.97069250254,-2744.10739565358,910.989356716508,69.4590485873174,68.85,16.7438173851501,-143.181594325741,-143.042934141783,8.73163486998683,0.0566735875523656,0.0507081648826262,0.0249227326313884,0.0500507739864675,0.0450363129014557,0.0217504110399966
HJA_CC-3-100m_2016,0.126539170044085,0,0.197547497392188,0.234303448474232,0.185185185185185,0.23025046222734,8.20479947403024,7,5.40291765746167,1.33859303090072,0,5.79120564881586,405.914809768024,404.686412701445,107.999501246526,0.306754992002211,0.29116942831763,0.119975077848966,-0.487328737991313,-0.48,0.572091114763371,1.3556630124784,1.4,0.41801330288385,0.378227274378466,0.363636363636364,0.172142833602043,0.0409305230807088,0,0.0645443966048066,0.0103652877993887,0,0.0201608118714553,Inf,Inf,NA,1498.16893491124,1437.3,623.693055318347,-2899.02602841058,-2817.14200404163,975.386166995281,74.1888690327524,73.98,16.3045967707561,-145.06128593556,-145.188637057484,8.51608164671467,0.0540703388037858,0.0480550296314234,0.0252593656039684,0.0479988045524121,0.0422722102775766,0.0219975149885006
HJA_CC-4-250m_2016,0.228419236225096,0.176470588235294,0.239437171359226,0.352877322943145,0.365853658536585,0.249283038311638,11.1854636591479,10,6.51067245301351,4.91979949874687,5,6.0129902807379,428.01318785792,428.653304460799,110.163077103032,0.36676201676676,0.373860705711138,0.122451588393274,-0.260318393517138,-0.222222222222222,0.628263011376738,1.14483956737176,1.09090909090909,0.422689293916455,0.317897047009333,0.3,0.157704904991544,0.0598751143174644,0,0.0722142228844519,0.00704211521754226,0,0.0184648817184812,Inf,Inf,NA,1403.65533834586,1353.9,539.938758178252,-2970.77982082765,-2960.92276907447,888.564604848034,67.7190742152384,66.6333333333333,17.905495824237,-142.705179982444,-143.90853270447,10.6800617247799,0.0538971115453119,0.048588618064636,0.0228432243421763,0.0473361830871993,0.0431318293457694,0.0196254855813555
HJA_KC-1-275m_2016,0.0877295698413585,0,0.18574405404748,0.187459999795168,0.111111111111111,0.223134983772765,6.5868036776636,5,4.88539202112513,0.0243374797187669,-1,5.12579340355383,363.656715845261,363.78138620699,90.2047368626012,0.263240888107913,0.248160990606948,0.104560541217796,-0.552816334456383,-0.526315789473684,0.624035467688283,1.46054703825642,1.5,0.432682796753983,0.399027201499873,0.388888888888889,0.162924474174481,0.0511301458385073,0,0.083379588692637,0.0137169618174243,0,0.0266297090535037,Inf,Inf,NA,1333.1391563007,1303.5,508.490785216347,-2540.61176426938,-2487.53821525957,788.162406456656,76.0552655320069,75.3,17.7850108291161,-145.351172799191,-145.190285915112,9.8534137417145,0.0584708278364482,0.0529346346828105,0.0252773381261439,0.052241804049681,0.0477447374703893,0.0221805061481049
HJA_KC-2-360m_2016,0.087821371845695,0,0.184131291270266,0.196156929389537,0.111111111111111,0.227703990237144,6.6414899120538,6,4.74475587759995,-0.12829798241076,-1,4.89190515819675,364.633152639091,360.762522780035,89.685993819204,0.267519890655396,0.252762522180603,0.103565162831525,-0.505744731234479,-0.5,0.652353293254288,1.44335570049274,1.5,0.449655751708777,0.41388758382899,0.4,0.169894265327255,0.0504268415265509,0,0.082343957669353,0.0132731016506427,0,0.0263998421674448,Inf,Inf,NA,1301.51469218831,1249.8,526.480916664778,-2511.97940974575,-2460.58433552224,782.356309366236,74.7137248401826,74.55,18.5920688577472,-144.805655002086,-144.441522789246,9.92907826036951,0.0595481175735278,0.0550020893115051,0.0252396723355682,0.0530773881537739,0.0490286350308186,0.0220196184032203
HJA_KC-3-400m_2016,0.0757836376070301,0,0.177459159415683,0.147424758802104,0,0.20989483970835,5.76083086053412,4,4.70915460316199,-0.804154302670623,-2,5.59008341733432,366.399730211913,364.765897628865,89.0584853782519,0.25368225099513,0.247146486677423,0.091182415612129,-0.706098230457815,-0.733333333333333,0.593376265065982,1.55546830810412,1.64285714285714,0.417041211428656,0.400303063169265,0.4,0.167539999117588,0.0413725457627175,0,0.0792679842662295,0.0194896957786215,0,0.030637163797499,Inf,0,NA,1423.4718694362,1370.4,545.373193526875,-2606.34153466277,-2540.49202223269,834.435960411105,80.4237995680477,81.2,16.9112235543805,-147.902525540426,-148.279865510899,9.79409030481148,0.0550316439609072,0.049237392664763,0.0244837336768331,0.0492651383589028,0.0440340382289253,0.0214852934643356
HJA_KerryCreek2_2016,0.076034769094445,0,0.178481069744498,0.174371464156011,0.0666666666666667,0.224722483289861,6.16981132075472,5,4.81562614519955,-0.707833047455689,-2,5.08608405015547,366.176543564585,362.739468368288,93.1716837229422,0.265995028897359,0.250894051578086,0.108520747044999,-0.583873015305634,-0.6,0.659405288264542,1.49074217298434,1.57894736842105,0.44946356412687,0.420847000295626,0.416666666666667,0.169170236841143,0.0426782639082746,0,0.0789984007276601,0.0173175180016402,0,0.0294410876899293,Inf,2,NA,1335.87804459691,1300.2,543.637842909308,-2530.64429528965,-2471.76896210135,799.914179537482,76.9403809362106,77.4,18.7930507155395,-146.309460470991,-146.128190668649,10.0889907796587,0.058196762773458,0.0529346346828105,0.0249073380046974,0.051812004822947,0.0473684491917231,0.0216690618541305
HJA_WS1-2_2016,0.0814167486362093,0,0.173737605514283,0.216435916779872,0.166666666666667,0.224056924927829,7.05439814814815,6,4.71926938382675,-0.506365740740741,-1,4.52656892965938,371.133665958797,366.196132490609,95.4009477294413,0.284158115276679,0.266223239236155,0.11489677134948,-0.43288230171503,-0.37797619047619,0.688715585233104,1.38542416319394,1.38461538461538,0.450763284418099,0.450795391511322,0.444444444444444,0.174367735762324,0.0344421078924294,0,0.0739769106169014,0.0134727342203279,0,0.0269883609293721,Inf,2,NA,1267.3328125,1212.6,517.022970860047,-2519.2187028924,-2483.49202223269,766.974189776873,72.6371455988783,71.0723214285715,19.6283941791435,-144.427285902745,-143.086219940919,9.95589025036746,0.0602712903797218,0.055408339603021,0.0248037516663118,0.0533751067025409,0.0493865290390499,0.0214852810464046
HJA_WS1-3_2016,0.0794568836443552,0,0.175007956698255,0.179208166729226,0.0930735930735931,0.21664011780299,6.12452830188679,5,4.77626179930214,-0.447798742138365,-1,5.14173971383535,363.309522209978,359.784013346794,93.690227877018,0.253370871783037,0.243055526429401,0.0977559767956134,-0.69907521801029,-0.8,0.655678010130949,1.49256274157771,1.57142857142857,0.429211650953489,0.398236082090348,0.388888888888889,0.167562370830762,0.0229888074005836,0,0.0597823975578087,0.0178465006624789,0,0.0290823654448095,Inf,0,NA,1447.62113207547,1412.55,619.523398612633,-2652.49755508486,-2578.15741384463,901.791223317938,80.2236437132933,83.1,18.686823288732,-148.329126174021,-148.901793656884,9.71168235048774,0.0550841814678284,0.0484090088839837,0.0264058248917904,0.0489296872801229,0.0436948646973359,0.0227640007046862
HJA_WS1-5_2016,0.14221227753288,0,0.2112915323308,0.276305499982908,0.25,0.242310642353489,8.48816412414519,8,5.65745822101434,1.34771173066807,0,5.82377895700163,387.207004053743,377.744898876613,108.358419298312,0.307462016746599,0.287331312925232,0.128633370701023,-0.403325016457833,-0.352941176470588,0.656303297648867,1.28935302381513,1.25,0.457728641116205,0.412194127838883,0.4,0.17787912729033,0.0351354641101035,0,0.0643166228737407,0.0141539191183831,0,0.0246087807189869,Inf,2,NA,1347.466175697,1316.7,581.87944203295,-2698.27555523771,-2604.09974532524,917.113548160827,71.7947629690483,70.3588235294118,18.7046439829927,-144.355484357154,-143.649097679441,9.14398696985098,0.0582822546566597,0.0522648663388374,0.025684449955447,0.0513974463971091,0.0459131416497877,0.0221376740694151
HJA_WS1-6_2016,0.168455495669435,0,0.234325085630155,0.304450260314646,0.292220113851992,0.263147452603358,8.72272215973003,8,5.59183332203107,1.21147356580427,0,5.81299680659873,386.987585050318,376.721396249335,104.038042426331,0.320063993551628,0.310270192320786,0.12193546715066,-0.321925633900857,-0.260869565217392,0.657159378899601,1.24280817949251,1.16666666666667,0.495791408381908,0.442724580308384,0.4375,0.180270611685348,0.0318828037862493,0,0.0596328388404877,0.0171963361048102,0,0.0268478343595429,Inf,2,NA,1275.80551181102,1217.55,560.907274526513,-2627.06477810185,-2533.35358868046,869.516961697721,69.4748805661744,67.7347826086957,18.7290422986386,-143.771519880325,-142.905369782679,9.12760682718492,0.0604817409702427,0.055245851578834,0.0250115387405356,0.0531256923097437,0.0485814992587704,0.0215058687437471
HJA_WS1-7_2016,0.102545974444082,0,0.186968236899684,0.224486456574605,0.161290322580645,0.230452982448368,7.14060963618486,6,4.81654518794249,0.0604719764011799,-1,4.89704941162965,373.682414889072,370.673577283466,95.7759903142855,0.281695238754986,0.264673646887616,0.111275389036212,-0.512595009357347,-0.5,0.66571961460056,1.3820335254691,1.42105263157895,0.445511407206207,0.417191206556509,0.4,0.168139131304395,0.0281000911938732,0,0.0623588090607294,0.0144055962215487,0,0.0255441073181472,Inf,2,NA,1358.09660766962,1324.95,555.717897274332,-2625.71800625173,-2580.18051035808,818.463642262392,74.9089577666844,74.55,18.973009016116,-145.823961344254,-145.196138453723,9.51835109483442,0.0577229623807109,0.0510981375775017,0.0259686518366982,0.0510761453187386,0.0456538777868627,0.0223383406927731
HJA_WS1-8_2016,0.102081956193625,0,0.194454032219425,0.240872360493858,0.2,0.237285702519508,7.3915765509391,7,4.99159859841929,-0.125782583949915,-1,4.7691110598541,373.220403876175,364.765897628865,99.5885755344327,0.288417979260178,0.266280500725998,0.123342546510249,-0.425662559514,-0.347826086956522,0.725396605795694,1.34848035396948,1.33333333333333,0.469837894734586,0.442922300632268,0.428571428571429,0.177977822089517,0.0291738913368091,0,0.0674300557525095,0.0131489937467072,0,0.0258585817957252,Inf,2,NA,1287.20250426864,1215.9,552.664645547294,-2562.57883808144,-2510.44590197002,799.952458585197,72.431382946149,70.2130434782609,20.6738032651773,-144.533364692139,-143.065368873126,10.1156036295328,0.0595561743263163,0.0549931195000814,0.0246093253941548,0.0525984289848948,0.0482983460263744,0.0212184937320852
HJA_WS1_250m_2016,0.0999590424617347,0,0.185971724775733,0.226394334841392,0.172413793103448,0.229114415750055,7.19664138678223,6,4.99949152843282,0.0763813651137595,-1,5.02051240798822,372.36504576897,368.73910078234,99.7890200344388,0.283383266783449,0.260986711711581,0.118421227742421,-0.476704930232805,-0.439613526570048,0.673201809214819,1.37791013590189,1.38888888888889,0.450241344804942,0.422413819209178,0.4,0.17379352532949,0.0318795144410436,0,0.0652327993141293,0.0129448180931481,0,0.0248324768397339,Inf,2,NA,1320.39409534128,1298.55,552.09621604881,-2584.47725377168,-2542.51511874613,818.012833078596,73.8860905116349,72.8289855072464,19.1862515626223,-145.198676358057,-144.393541405497,9.54904863106136,0.058934383268795,0.0528927953311279,0.0257824264407439,0.0521476060482849,0.0466765630873212,0.0222842270615056
HJA_WS3-1_30m_2016,0.117212493729965,0,0.191438836095487,0.226424963090084,0.173163418290855,0.227538296899742,7.63591359135914,6,5.17311540182148,0.831233123312331,0,5.56051042544336,384.035414618293,382.753836622276,99.1914631921089,0.290868009969896,0.278097647915019,0.114028178057527,-0.484106503727991,-0.461538461538462,0.572549076395234,1.37543794185045,1.4,0.42417295539297,0.394761441394738,0.384615384615385,0.165365319227698,0.0418182755855837,0,0.0692713552088785,0.0114749374817745,0,0.0220455232091509,Inf,3,NA,1387.82646264626,1370.4,546.085853769008,-2699.42294294881,-2649.91511874613,865.299447303338,74.0970353562477,73.4538461538462,16.3176486772642,-144.934021638685,-144.827974106225,8.67603463453722,0.0568718393975619,0.0503705453281175,0.0244188453730065,0.0505685546365772,0.0448408402894375,0.0213655482274787
HJA_WS3-2_2016,0.077697967041978,0,0.166771453937731,0.182438990605377,0.117647058823529,0.205260852067217,6.29171461449942,5,4.33559796613107,-0.459148446490219,-1,4.83043505144631,358.235742084188,358.21926738025,85.317027746108,0.256202679908422,0.247137846336074,0.0907239334288402,-0.612907912707476,-0.666666666666667,0.621876261461402,1.4654691420597,1.5,0.405405461626212,0.412296017536874,0.4,0.165581506349424,0.0317824283694369,0,0.0710460707318494,0.0162656775777823,0,0.0291613382769784,Inf,0,NA,1355.133141542,1326.6,515.938714016707,-2547.01023388313,-2531.33049216702,767.91537886778,77.7678755121631,79.3,17.72347345165,-146.797974494666,-146.966399164662,9.67012743574967,0.0572939254138967,0.0509679830680149,0.0242560379761705,0.0509924968514121,0.0457581673759333,0.0211021614100513
HJA_WS3-3_2016,0.116416797762379,0,0.191284114436504,0.215168644209937,0.15,0.225611305662646,7.90716180371353,7,5.06186532105276,0.951724137931034,0,5.75760398608571,422.702533944733,418.557808181426,83.3599696646309,0.315503190545043,0.302547900953641,0.101378612476435,-0.574724830598495,-0.571428571428571,0.597331950122141,1.39885184939335,1.45,0.420242486915106,0.363030232997823,0.333333333333333,0.173353345333642,0.0384300621439202,0,0.0643767819686259,0.0144813380295976,0,0.0230579151416731,Inf,2,NA,1596.06366047745,1591.8,573.293752824845,-3025.84356933498,-2974.66892571924,812.423939750711,76.6796576720571,76.5857142857143,17.023960578481,-146.776154095472,-146.441121427117,9.51128688187215,0.0485435375029206,0.0431605019916575,0.0211569288169345,0.0430860308324852,0.0388034425950114,0.0181440114332475
HJA_WS3-4_2016,0.109341940895697,0,0.18639337364294,0.213906968540142,0.153846153846154,0.220039150496927,7.77759253084361,7,5.21334864318586,0.85028342780927,0,5.86425773355325,400.765520004527,400.603667609708,111.642988440114,0.297834446956874,0.285229395425858,0.112365146488794,-0.47718478920742,-0.470588235294118,0.564676643488332,1.38071851895382,1.42857142857143,0.39370032442677,0.390548107465681,0.375,0.179097379661513,0.0430498814052595,0,0.0644537187826106,0.00888834335791586,0,0.0187474109218977,Inf,Inf,NA,1476.41863954652,1420.8,656.791304251899,-2846.85632373789,-2741.54586558791,1026.74365353576,73.8997664924115,73.7117647058824,16.0932843394175,-144.678776353677,-144.675509210304,8.66000058437113,0.0559706429773399,0.0486999321268281,0.0267227985791144,0.0497244052686253,0.0436236194585791,0.0233306790781628
HJA_WS3-5_2016,0.0588688627247957,0,0.156298389471602,0.15750126003544,0.0714285714285714,0.200942514202454,5.56753926701571,4,4.42173895486684,-0.817801047120419,-2,4.53200792016833,345.181314472572,342.815607130886,83.9658594851044,0.240675056223686,0.224211290664357,0.0976520183813175,-0.650796383861394,-0.666666666666667,0.642932149443923,1.53715954305342,1.61538461538462,0.429436978176048,0.405153975531086,0.391304347826087,0.157804493994604,0.0431664424848215,0,0.0808997858253228,0.0149788040273396,0,0.0290652759186997,Inf,Inf,NA,1300.83361256545,1256.4,487.543096015916,-2421.35847467449,-2393.88437190435,722.319667663005,78.8476969400497,79.3,18.3235662591518,-146.824095899794,-145.832463084569,9.87144757027344,0.0588954128941915,0.0547370058915971,0.0234183484377793,0.0525240006648081,0.0490106312746412,0.020397731488419
HJA_WS3-6_2016,0.130158393546492,0,0.202801098449781,0.240438714648522,0.185185185185185,0.236629244666259,7.83283961066441,7,5.11472826604539,0.875581887431231,0,5.51041739456862,385.022524056851,380.815609531773,102.114638709959,0.294445896597873,0.282722394894279,0.113296184876303,-0.451747687687359,-0.428571428571429,0.569379426923477,1.34661246897645,1.36842105263158,0.431408815900622,0.400751784156927,0.4,0.16619090077228,0.0386510644591387,0,0.0635870463255248,0.0107053574245207,0,0.0206994656367962,Inf,Inf,NA,1376.21565806179,1329.9,542.369101717787,-2700.47973657821,-2630.84586558791,859.609182438538,73.1748090990897,72.5142857142857,16.2273136673191,-144.572628010222,-144.342720116742,8.42209048358367,0.0573486169848489,0.0510981375775017,0.0242796248865378,0.0509102416386853,0.0456538777868628,0.0211699932687254
HJA_71_2025,0.0790189272526053,0,0.192060674557765,0.169629427958686,0.0714285714285714,0.224092209498431,7.47040498442368,5,6.11358142489751,-0.694704049844237,-2,6.9769133435261,430.761019294899,430.183264887109,120.720431986695,0.305958898247422,0.28507393470872,0.130699130446551,-0.581733733779921,-0.666666666666667,0.558364559982037,1.45336075068788,1.55555555555556,0.399745580080337,0.423205819301002,0.428571428571429,0.175454083097747,0.0214014026709759,0,0.0461993009412001,0.0114211178889636,0,0.0226602037873742,Inf,2,NA,1632.31308411215,1606.65,689.29458271701,-3085.6010354508,-3018.46120262669,1077.90309664075,76.8794114127277,79.3,15.9133899594881,-146.551787747867,-147.417954221626,7.41817168927668,0.0492836716858537,0.042187213628857,0.0231222900654042,0.043712004019504,0.0378867979107609,0.0196324368145431
HJA_56_2025,0.109745969220831,0,0.22209540678795,0.22515232550912,0.153846153846154,0.244400495702718,8.27291452111226,6,6.81165447997339,0.633367662203913,-1,7.1740855868873,405.206202753932,387.655221511667,117.540583756744,0.308730304770593,0.270054038592548,0.154450075798869,-0.513417406079153,-0.615384615384615,0.657742489545058,1.36687870494137,1.45454545454545,0.450130618542051,0.414299992173609,0.416666666666667,0.187668250818696,0.0221926534709784,0,0.0516356429856119,0.013322494814569,0,0.0252479410966383,Inf,1,NA,1471.2429454171,1430.7,568.420261723045,-2881.50403638744,-2725.77661242969,929.340754566971,74.9323960732559,77.8384615384615,18.7456609520341,-146.025049272165,-146.758026183981,8.88542702227228,0.0516261603153281,0.0474606153324641,0.0202737920218713,0.0456425803406206,0.0420348748140433,0.0172382514422319
HJA_164_2025,0.162781141896089,0,0.236083143851241,0.26073033581759,0.196153846153846,0.26395325963186,8.67296511627907,7,6.38495971442437,2.12645348837209,1,6.50920281751322,407.925532938634,378.739152932115,120.472493849783,0.307025200900443,0.266261514949377,0.153477995752249,-0.470991977543856,-0.615384615384615,0.697754575262839,1.35561191948209,1.42857142857143,0.491298432872336,0.350189365922642,0.32,0.185950567907964,0.0665136861719022,0,0.084081004714634,0.0128767630776115,0,0.0252626165043364,Inf,Inf,NA,1478.38299418605,1424.1,699.09658278986,-2885.0064363101,-2670.79970894313,1033.12668780396,73.7232713599999,77.8384615384615,19.8860053949909,-144.215906623718,-145.660635091496,10.378140325493,0.0518065636050394,0.0473821189607588,0.0212858573421634,0.046211162067293,0.0424589130631169,0.0182836052026351
HJA_54_2025,0.167879033059749,0,0.268314414746988,0.243572406545254,0.104761904761905,0.291506655490597,9.51456310679612,7,7.86667115937641,1.99029126213592,0,9.01586921904502,463.296176796661,462.676862902969,126.410232604693,0.367900873242032,0.34604211192493,0.169009526824698,-0.427200206889129,-0.571428571428571,0.711731997625635,1.37345987856039,1.52941176470588,0.542848164947747,0.385062472251654,0.32,0.253528592559488,0.0565679347280084,0.0476190476190476,0.0603525857648187,0.0145192895787379,0,0.0246308881657479,Inf,Inf,NA,1603.68233009709,1554.6,736.70774861281,-3191.24435419976,-3142.90735927147,1090.38121401685,72.4752058963402,76.5857142857143,20.2843619323306,-144.841121065413,-146.441121427117,9.74680494273144,0.0484618388946761,0.0427371501430081,0.0208402089746966,0.0427798887841354,0.0377762709077251,0.0178441953565807
HJA_47_2025,0.0942199444409415,0,0.204764751738503,0.185282708403981,0.0833333333333333,0.237437672809131,7.58076563958917,5,6.46346770242963,-0.810457516339869,-2,7.15218565873574,445.298032377831,432.760902417084,112.257953472858,0.321948948032282,0.296255833728765,0.136591000315685,-0.633736012056098,-0.75,0.625262075960479,1.4666634502743,1.55555555555556,0.457477839730075,0.419555619622393,0.421052631578947,0.18312154083909,0.0222887800022835,0,0.0482799271011835,0.0187250813802441,0,0.0267626314584513,Inf,0,NA,1683.54761904762,1645.5,665.611088667005,-3165.52836105064,-3004.71504598191,976.901410931868,78.3614763435988,81.675,17.8199691648737,-147.744715773273,-148.63229146029,8.67078399208092,0.0452706638964697,0.0414905795836146,0.018552724682983,0.040171970314971,0.0372804860882021,0.0155766691073019
HJA_64_2025,0.253342215957138,0.1875,0.253941920447929,0.365620136490838,0.354838709677419,0.251390517742674,12.1989987484355,12,6.36596518846123,5.41677096370463,6,7.49052996685273,459.197791022983,444.747225650041,98.6279098471343,0.35540046637891,0.337678198299784,0.127005678048499,-0.200728329994307,-0.266666666666667,0.576945970434332,1.16971689897596,1.15151515151515,0.435190907495276,0.308997940147474,0.272727272727273,0.187004819306956,0.112356603465611,0.142857142857143,0.0822010164025543,0.00499478373790618,0,0.0148905725991078,Inf,Inf,NA,1538.60200250313,1440.6,631.380718802994,-3201.50397142878,-2979.25355229835,950.603884305562,66.0207574048377,67.9,16.4429601573785,-138.455409370915,-138.196567514421,9.46686376040012,0.0479264959372062,0.0482067860585189,0.0150305552042189,0.0430085764839934,0.0432912334027033,0.0129404908378023
HJA_84_2025,0.0763795518484285,0,0.189022914527255,0.193953204124738,0.125,0.225160202245708,7.92708333333333,6,6.16924912693296,-1.09294871794872,-2,6.5119234263834,454.319467457143,448.686671260127,113.085722976648,0.332776132600465,0.308301795706995,0.138693955948205,-0.53914567128448,-0.625,0.612072292997716,1.42198135342776,1.49468085106383,0.442078062301311,0.434485840925358,0.4375,0.165006017887861,0.018957658960272,0,0.0473123740808536,0.0124378800456259,0,0.0228702869875162,Inf,1,NA,1655.18629807692,1606.65,652.864999962611,-3187.80857965114,-3089.20735927147,943.085170012797,75.6656516316077,78.1125,17.4440603504349,-146.264123546996,-146.799676523454,8.13296439556274,0.0459060694666417,0.0426683776084957,0.0175345790990748,0.0406614618690685,0.0378867979107609,0.0149785257810661
HJA_WS1-2_2025,0.0721896260066933,0,0.179274688584925,0.156138754156117,0.0833333333333333,0.204731716712049,6.63429752066116,5,5.49011358029583,-0.832644628099174,-2,6.09949327815524,407.403229115071,394.740297203698,116.993758232124,0.284787413854658,0.248891149964521,0.133339612512664,-0.628998725844241,-0.7,0.563823439709455,1.5130632578081,1.57518796992481,0.402483870839558,0.40487997982574,0.4,0.171215166155943,0.0347632922953541,0,0.0650709515866711,0.0113927344921344,0,0.0230953995844195,Inf,Inf,NA,1553.0652892562,1538.1,640.292220581173,-2899.22921769405,-2778.46506417297,974.746434219416,78.2264636865609,80.25,16.0689680317195,-146.734054318527,-147.554282673916,8.28181343628855,0.050613476201407,0.0440891945940726,0.0220591298467657,0.0452592552071566,0.0397375181030059,0.0192693314643385
HJA_WS3-1_2025,0.13506495488935,0,0.243628540753223,0.261950222111261,0.2,0.266730447371947,9.22062350119904,8,6.75315144343765,1.22781774580336,-1,6.98545145321082,443.603882543439,428.756312287764,111.690162935084,0.34335966279629,0.307068304645213,0.159886039881408,-0.462008831410832,-0.5,0.725715362371303,1.31046909618383,1.33333333333333,0.496942597658138,0.396333858056758,0.391304347826087,0.199950131984109,0.0309975837695331,0,0.0572287451007484,0.0151645819122943,0,0.025267876656751,Inf,2,NA,1607.22158273381,1561.2,738.125679452816,-3152.65128068128,-3043.39198585058,993.151503093231,73.4672516952087,74.55,20.6828878275822,-145.505850405011,-145.755369782679,9.34764925248775,0.0482937745978587,0.0431441540038051,0.0210021442723122,0.0424434490777074,0.0388926700919085,0.017657084739148
HJA_CC-1_2025,0.291244407669631,0.25,0.271396557128871,0.37600542665698,0.363636363636364,0.273192685043614,10.1482479784367,10,5.70131477515209,5.20215633423181,5,5.99365391306068,383.964623675529,350.681484217,101.557375952387,0.318395192395796,0.295939658595898,0.122390473865414,-0.30027719259476,-0.380952380952381,0.641149476079207,1.15619606705462,1.14285714285714,0.44130297417593,0.267662953982171,0.214285714285714,0.186401793297665,0.084341297113374,0.0227272727272727,0.0973738690316366,0.00809795963029761,0,0.019899163015109,Inf,Inf,NA,1324.95606469003,1249.8,558.777764541103,-2720.61288270158,-2490.09974532524,855.714551739362,68.8578999889507,71.1571428571429,18.2727600682574,-142.344558599749,-145.636670890463,11.5434884606848,0.0565123896501464,0.0553982333765033,0.0196807585779947,0.0502464707432554,0.0492205251912354,0.0169237551905154
HJA_CC-4_2025,0.238627540549194,0,0.295521369989297,0.326244579039891,0.29570747217806,0.305678045345809,12.2422680412371,11,7.62670823461973,3.47938144329897,1,9.35154433087513,486.829023730476,488.038215510804,104.490282653736,0.421835376053078,0.42039355670272,0.136735803176292,-0.184343381462764,-0.184659090909091,0.611330766581716,1.16489223217528,1.0930735930736,0.487955812719775,0.420548995803188,0.369395711500974,0.239567947610281,0.0602223645074432,0.0625,0.0641955938511568,0.0191361258355841,0,0.0262703644854141,Inf,2,NA,1508.39329896907,1465.35,614.092356052612,-3249.20327499481,-3038.54200404163,972.025516688071,65.5537863716888,65.5627840909091,17.4229268475789,-141.791696569442,-141.669887982508,8.93124801617853,0.0499545588288837,0.0448332945591278,0.0193199928131479,0.0436780453728227,0.0398499549707216,0.0163698256048372
HJA_CC-2_2025,0.262512448474674,0.0909090909090909,0.284626765615659,0.356911735347543,0.403508771929825,0.271857985244196,13.0909090909091,12,8.1078079136793,5.24242424242424,4,10.369786281909,494.542071337556,519.564856976451,117.305540964328,0.4276256321406,0.439959153945779,0.152601853868659,-0.27476101553795,-0.363636363636363,0.597509498788662,1.1338614323021,0.95,0.479735625576886,0.376614355900214,0.28125,0.263467238702963,0.0434705171452786,0,0.0565003580885021,0.0189791576881423,0,0.0239692549189626,Inf,1.5,NA,1708.2,1688.4,780.785213873881,-3530.19279546249,-3236.56120262669,1227.71973737328,68.1306889428316,70.6636363636364,17.0290207154769,-143.801547904446,-144.544857335316,8.24822760507684,0.0479547624592878,0.0413201023358734,0.0233613186503467,0.0419992413517207,0.0365444608136577,0.0199902071244845
HJA_410_2025,0.112683635880145,0,0.229922434953572,0.229434635730024,0.126602564102564,0.266666081154017,8.99262536873156,7,7.0638534312473,-0.0737463126843658,-1,7.74466154194995,480.794744701113,468.654289587853,129.117412513641,0.364547334284908,0.340215191589408,0.158987395587097,-0.506625826054412,-0.615384615384615,0.704146489406559,1.36785811959196,1.47826086956522,0.500666013876427,0.426748915730009,0.428571428571429,0.197723496576426,0.0249939538713894,0,0.0501538475717518,0.0194739156729584,0,0.0268452992232276,Inf,1,NA,1743.38938053097,1666.95,845.175697591,-3374.29723626002,-3228.67657604758,1167.8025362124,74.7388360425507,77.8384615384615,20.0681749480869,-146.431289069474,-147.10511234626,9.20320265152045,0.0453976032573558,0.0410092708943766,0.0210668087397564,0.0398771147605926,0.0365137645254673,0.0174638142363418
HJA_156_2025,0.134411467201645,0,0.241999344157215,0.229871985208774,0.103448275862069,0.277094301784929,8.40845070422535,5,6.96701458953888,1.38380281690141,-0.5,7.08384053991221,424.865316999731,408.725676731297,122.510544818084,0.321302718578747,0.301707724864713,0.159476967211646,-0.529978674889421,-0.7,0.701812120665127,1.39426641710226,1.57894736842105,0.506556925841942,0.372193169701134,0.357142857142857,0.200118221778923,0.0454424484958208,0,0.061038266351618,0.0148320855911096,0,0.027825355179946,Inf,Inf,NA,1561.03415492958,1538.1,711.314383285048,-3016.21319508985,-2856.08429914013,1067.1932461803,75.4043922343485,80.25,20.0016454389561,-146.06246397021,-147.520594899342,9.39003005377766,0.0496443483253939,0.0435872598930757,0.0221712335328871,0.0438487844439132,0.0394662583546883,0.0184229270455974
HJA_49_2025,0.190913763200136,0.105263157894737,0.231038647757452,0.28551611631899,0.266666666666667,0.255016573533703,10.348224513173,10,6.55010152487985,3.71019473081329,4,7.03315210393479,448.861667094455,430.704525368856,110.433866701887,0.344518472554812,0.314299249053761,0.139319304649582,-0.357052385638117,-0.444444444444445,0.586370995975788,1.29883333155817,1.3,0.456567770493724,0.31537096660901,0.285714285714286,0.186476141355196,0.0949154659791977,0.1,0.0778565440807811,0.00866108204965273,0,0.0200329507640793,Inf,Inf,NA,1558.22027491409,1484.4,621.252866763856,-3128.00399811913,-2883.57661242969,984.624280985486,70.4759929906863,72.9666666666667,16.71157338531,-141.849042536691,-141.484599687987,9.47267015828828,0.0486886761273404,0.0465255691792375,0.0183887259741512,0.0435748626269617,0.0419644576916224,0.0157945213860116
HJA_KC-4_2025,0.0850072307459318,0,0.196588819415875,0.212066810237158,0.128205128205128,0.238159739380486,8.67334360554699,7,6.39815135873028,-0.382126348228043,-2,6.38033638496013,462.514108832703,454.720755115888,122.719264787195,0.348757114908834,0.319727284713906,0.164334131808681,-0.44853449438698,-0.533333333333333,0.674009460066688,1.37060654152041,1.45454545454545,0.44410487969104,0.431715830871655,0.428571428571429,0.187125654077141,0.0302273017090965,0,0.0628368857155534,0.011330312656826,0,0.0218776527042268,Inf,2,NA,1626.41325115562,1605,700.99790997782,-3202.7074488655,-3089.20735927147,981.503522025172,73.0832330900289,75.5,19.2092696119006,-144.795975723231,-145.832463084569,9.07442337668298,0.0474926542974546,0.0426683776084957,0.0205392597505322,0.0419458571178795,0.0377409573197608,0.0175686591093744
HJA_45_2025,0.176001171502319,0.05,0.22857126785089,0.283497274796612,0.230769230769231,0.259446053740412,9.83515283842795,10,5.86087407258061,2.65174672489083,3,6.73786358490487,447.579591644732,442.715775325796,90.0515153782111,0.340714032124156,0.316460843271671,0.122210655351913,-0.28521564947553,-0.372685185185185,0.648184707269652,1.30640868833605,1.33333333333333,0.471902457222255,0.348598831456588,0.318181818181818,0.192103712410214,0.105205725038161,0.111111111111111,0.080330107186316,0.00875724174919091,0,0.0205803927207216,Inf,Inf,NA,1466.39377729258,1434,579.671355160855,-2991.81832224961,-2883.57661242969,777.689445015287,68.4286460100526,70.9215277777778,18.4732641571851,-140.274514344072,-139.615894207319,10.3902124254914,0.0497213588427318,0.0481602739356773,0.0164977191910535,0.0445081046213464,0.0433761943225588,0.0139563484263785
HJA_CC-3_2025,0.216095874432053,0.05,0.276241887248073,0.350771658562749,0.391304347826087,0.276433461040441,12.8613861386139,13,7.85115240327214,3.65346534653465,2,8.86841095525501,513.224262559458,504.534809755095,126.382520154973,0.439103777175846,0.424301301045659,0.172583626240846,-0.254579341549006,-0.2,0.707173101569088,1.12439503109276,1,0.497041861087817,0.39508482677141,0.375,0.229056673800196,0.0305826449804129,0,0.0446233644585862,0.0142709689318194,0,0.0212141698731003,Inf,2,NA,1704.82871287129,1611.6,825.660674894552,-3582.52841867231,-3329.46885295503,1097.1399322248,67.5555112341466,66,20.154433394719,-143.487286039005,-141.759985447157,9.39520079373078,0.0441427301985999,0.0415090294323636,0.0168517630568492,0.0385835825717853,0.035833309800703,0.014163762982651
HJA_WS3-2_2025,0.0859656712719905,0,0.208209705001007,0.202206697939954,0.130434782608696,0.232858567161231,7.94947368421053,6,5.973709519102,0.12,-1,6.38533393421807,431.11563145439,398.743014995523,119.981988046702,0.31173696666289,0.279662973747236,0.140825051244354,-0.547277070335471,-0.631578947368421,0.652044250590626,1.4075173216259,1.49056603773585,0.438219193171787,0.397225641464317,0.388888888888889,0.177789720202743,0.0325211251528468,0,0.0615916383117537,0.0117029013869749,0,0.0230686505592077,Inf,2.5,NA,1619.56736842105,1544.7,762.387597171622,-3085.31311173551,-2901.89967256102,1062.17809831004,75.8973965045609,78.3,18.5832611418329,-145.907635329299,-147.10511234626,8.955030808004,0.0481779001620537,0.044176717738941,0.0195193673984027,0.0427231302224497,0.0397095807118308,0.0166347575835035
HJA_83_2025,0.0982366007077861,0,0.209555560281728,0.198878409735242,0.105263157894737,0.239580394985319,7.85242896425298,6,6.5332769264338,-0.4967919340055,-2,6.95956465287781,437.602874689033,424.670740344543,114.692094520659,0.321964907667022,0.296701840585342,0.145235701919966,-0.594324433272098,-0.666666666666667,0.624090146934031,1.43443277428165,1.52380952380952,0.459060549296256,0.419981084173561,0.421052631578947,0.178656945304099,0.0214626273473027,0,0.0494968157732389,0.0167642244749,0,0.0259878381828463,Inf,0,NA,1628.6851512374,1601.7,631.769088303057,-3104.83820047904,-2990.43817887746,948.654642884796,77.2382463482548,79.3,17.7865691876199,-147.149728083145,-147.908890827329,8.5844651905665,0.0465645055878506,0.0422610060750558,0.0185717861787996,0.0413313861014033,0.0377245774308273,0.0159210559686463
HJA_177_2025,0.158421267543051,0,0.22795235292623,0.249076411714157,0.181818181818182,0.256179537357639,9.03476821192053,9,6.19852198018918,2.38907284768212,3,7.02749491007303,429.730535070583,422.706607598862,92.0620573508865,0.314166916172231,0.291647460874117,0.127717435745539,-0.418321175673692,-0.473389355742297,0.62935968658235,1.37237894457937,1.42857142857143,0.470265296138562,0.33821927180525,0.3,0.192024096566435,0.0922174746826759,0.0952380952380952,0.0820417656330382,0.00925606424719474,0,0.0210191944044568,Inf,Inf,NA,1514.52168874172,1489.35,590.493878748065,-2974.79534269682,-2838.77278726552,828.542300307558,72.2221535067002,73.7915966386555,17.936751067597,-142.25964220374,-142.050876706972,9.8744658188946,0.0490187736088515,0.0465255691792375,0.0166475525428506,0.0439881299468702,0.0419642658092899,0.0142093417008404
HJA_178_2025,0.0858941841518421,0,0.197545100162605,0.214766913042658,0.142857142857143,0.232078408694023,8.20784729586426,7,5.97973061848528,-0.532343584305408,-2,6.27524739369696,433.884405593881,424.634375003799,102.690831480447,0.328743928918688,0.306583987043098,0.13214609138407,-0.482999425962166,-0.526315789473684,0.609988773549678,1.36863116302371,1.41666666666667,0.430611625452619,0.439865838797576,0.444444444444444,0.164660388697511,0.0175971390533891,0,0.044716136227782,0.0129011847264126,0,0.0236247153377596,Inf,1,NA,1542.39003181336,1534.8,573.029821819585,-3028.87196954577,-2953.78433552224,842.039561490789,74.0654836399217,75.3,17.3846800461658,-145.681131835952,-145.832463084569,8.19964606457307,0.0485899695319234,0.0448571817754618,0.0173532924549336,0.0429288654329139,0.0404829239751466,0.0146692657477703
HJA_WS1-5_2025,0.121331873742955,0,0.212035634402847,0.237307692630291,0.2,0.239126088032651,9.1055900621118,9,5.57486849037804,0.447204968944099,-1,6.66781979539793,465.994422621548,458.72229364596,105.438737873521,0.353403465408799,0.328823718272105,0.13445944511955,-0.402893143981216,-0.494444444444444,0.602984217603135,1.35051393169787,1.34782608695652,0.449508415321578,0.404766387492621,0.409090909090909,0.18831220510257,0.0574417131206655,0,0.0797621387503662,0.0132173785164469,0,0.0243666082320932,Inf,Inf,NA,1606.46832298137,1561.2,651.622190378321,-3187.74471912759,-3094.16122081774,912.079474212532,71.7824546034647,74.3916666666667,17.1850502016893,-143.481304949579,-143.975719013235,8.63861308552657,0.0471444831995622,0.0446298527024616,0.0184721216854391,0.041912093564609,0.0398828718803231,0.0160070542697598
HJA_53_2025,0.18237004082302,0.0833333333333333,0.224363027061262,0.259522701807826,0.230769230769231,0.251896959794417,9.10590015128593,9,6.02250664985859,3.18759455370651,4,7.18022729818117,424.701449001245,414.733682204964,92.6071260938896,0.306115295275224,0.287175617969922,0.10873567261933,-0.453156112170512,-0.545454545454546,0.597900196289829,1.37623643893174,1.375,0.4661596597564,0.303045149779849,0.28,0.186685400044748,0.102901722024478,0.111111111111111,0.0827083392928601,0.0103681006029648,0,0.0227644884569168,Inf,Inf,NA,1554.33177004539,1477.8,681.828473690113,-3003.67037780728,-2748.68429914013,996.800670756148,73.2149491968596,75.8454545454546,17.0401555942601,-142.577887242711,-142.452600383992,9.96222267061188,0.0491602897242893,0.0466361154071424,0.0183147475688068,0.0442296328902468,0.0426030655003267,0.0157183295414234
HJA_WS1-3_2025,0.15506300681085,0,0.234047046776547,0.254255089852026,0.162790697674419,0.273340627422052,9.03539823008849,8,6.22328218848499,2.0070796460177,2,6.37842825097728,458.526411857633,444.748649317584,105.037812225554,0.353234160066034,0.331827912654774,0.12891888245774,-0.411321443525201,-0.48,0.744717503943193,1.3598197021382,1.375,0.499796564952457,0.334683550600438,0.304347826086957,0.185038643585155,0.0785465267659186,0.08,0.0749999960719464,0.0105046918405959,0,0.0228391003965482,Inf,Inf,NA,1559.41646017699,1534.8,633.429614635018,-3101.60597711996,-3000.13814249536,828.95535383132,72.0226611404682,73.98,21.224448862381,-143.799683017364,-143.61280512039,12.3423156705643,0.0472820218102573,0.0452620576795643,0.0184349426125332,0.0420122906884715,0.0409674778934608,0.0156762679181576
HJA_WS3-3_2025,0.124479896851076,0,0.233124923631826,0.236833253127727,0.153846153846154,0.259800850149014,7.66666666666667,5,5.96632798269334,0.85792349726776,0,5.92086365606198,380.504390116183,364.789276488639,127.130501684101,0.293424091467328,0.253368494361666,0.162205064922781,-0.477772142429209,-0.636363636363637,0.728771209166598,1.3704692070008,1.45454545454545,0.465907079540994,0.396307155008208,0.357142857142857,0.201082445828315,0.0439527859574272,0,0.0720000952371298,0.015866046372892,0,0.0322516221469912,Inf,Inf,NA,1352.26557377049,1363.8,572.645360561978,-2654.69009343386,-2567.44590197002,930.528124377844,73.9165060592324,78.4363636363636,20.769979461248,-145.403275482613,-146.832401790184,10.1527839433725,0.0589726567423771,0.049237392664763,0.0306686143351117,0.051875526184327,0.0438289102699958,0.0253227794471527
HJA_WS3-5_2025,0.0548849170085981,0,0.151508291101411,0.163823543328921,0.111111111111111,0.194881681169184,6.33674775928297,6,4.36278482859882,-1.02176696542894,-2,4.60331958838453,404.082364455605,408.620890595727,81.8038251924028,0.283832727493828,0.270455495535373,0.096425852725902,-0.653326088375492,-0.7,0.593609602940256,1.49567976694092,1.52380952380952,0.392123325438572,0.392432829554666,0.388888888888889,0.148102985966735,0.0263209284790946,0,0.0586066623627901,0.0115833470285808,0,0.0227508244459919,Inf,2,NA,1552.64673495519,1548,527.904664815113,-2882.38334934398,-2878.99198585058,710.058124643723,78.9197935187015,80.25,16.9178736837973,-147.554286027967,-147.554282673916,9.24112355085493,0.0488518642551754,0.0445587183585525,0.0193126061004322,0.0435274309877165,0.0400363589159036,0.0165660281033147
HJA_65_2025,0.0679925115982218,0,0.166883678579318,0.210250911784141,0.166666666666667,0.20934522841393,8.01044932079415,7,5.39039665081613,-0.943573667711599,-2,5.82655091660075,430.487946327993,432.594122253481,89.302404076129,0.325010829791906,0.306877952431819,0.120155447765322,-0.446658217324002,-0.545454545454546,0.60076360303112,1.37057310607998,1.4,0.408700769478772,0.452652679986494,0.458333333333333,0.165506395390405,0.0165488888905773,0,0.0458932472901239,0.00903098364384593,0,0.0208355137449342,Inf,1,NA,1507.26112852665,1491,530.703329406436,-2983.35046914779,-2940.57661242969,758.489685785756,73.0297591937341,75.8454545454546,17.1217626863869,-144.92765311985,-145.615961907685,7.88604705232705,0.0493942756229627,0.0462488953035746,0.0177977137529012,0.0436678263152253,0.04096875212467,0.0150734856937318
HJA_43_2025,0.134766832218056,0,0.217290411481415,0.224506535277161,0.128205128205128,0.254985921218446,8.75084937712344,8,6.64445166585416,1.85050962627407,2,6.55209952941711,462.637612862765,456.639962727951,115.453931861741,0.353327114584549,0.324722206248111,0.140599639316675,-0.528170118344607,-0.571428571428571,0.708855612756712,1.39814531547884,1.44,0.47783403467222,0.320299633332843,0.272727272727273,0.192701653463103,0.057934754462273,0.024390243902439,0.0680505950000049,0.0107702036179332,0,0.022374494195739,Inf,Inf,NA,1657.18878822197,1614.9,656.368927942229,-3217.85881872596,-3125.32276907447,914.25925345295,75.3528483728213,76.5857142857143,20.2023849635663,-146.250628939864,-146.634599292529,11.3537440392181,0.0448152555516097,0.0416551544355244,0.0173542487941749,0.0397246434012393,0.0377004855958779,0.0147199813675242
HJA_170_2025,0.244350814404998,0.2,0.234416378130968,0.374665252877938,0.384615384615385,0.242490989439495,11.7977624784854,12,5.56811042739354,5.05421686746988,6,5.64752690589038,445.815053352783,444.130317443786,95.9321949997488,0.361366612793995,0.348111956491522,0.115158162237657,-0.146699844783022,-0.131182795698925,0.660580029330184,1.13296078300291,1.09090909090909,0.405876377462644,0.311560598218338,0.285714285714286,0.171428361972818,0.105288259155678,0.148148148148148,0.0837100649027724,0.00395011080817413,0,0.0144391672215659,Inf,Inf,NA,1392.07822719449,1357.2,542.328450923826,-2997.44630314781,-2917.39970894314,711.007576698631,64.4809455763161,64.0387096774193,18.8265308359102,-138.597430952593,-136.846731138454,11.6213169331768,0.0500881109041365,0.049237392664763,0.0133855463520359,0.0446824739100282,0.0439137423819007,0.0114119899838829
HJA_165_2025,0.0735822949346824,0,0.174125716249323,0.227406292762602,0.2,0.213451113723742,8.7765726681128,8,5.60207557797631,-0.933839479392625,-2,5.83681120535453,457.038339225547,447.665982293579,104.390502968595,0.357539299399092,0.341510449247835,0.134925776080314,-0.389184196519344,-0.380952380952381,0.617397401545045,1.32567763452915,1.28,0.417481411825935,0.468430698750224,0.476190476190476,0.167454304902517,0.0144274621012642,0,0.0417911681155964,0.0119066690818874,0,0.0231957793274589,Inf,0,NA,1543.9363340564,1500.9,589.253835565242,-3115.97315098031,-3041.36888933713,827.868995436446,71.3917496008013,71.1571428571429,17.5958259440338,-144.61916686064,-144.241651507455,8.25658555878962,0.0483700048611447,0.0457734572745861,0.0175846290870005,0.0424777199215693,0.040446348864394,0.0145289204312761
HJA_KC-1_2025,0.0953751418391546,0,0.207933032660989,0.204574857033971,0.103448275862069,0.24575638735958,8.26245210727969,6,6.7227867675456,-0.258620689655172,-2,7.11410782513128,446.224977625346,430.703865510483,127.394356812104,0.330577930209212,0.289465653323276,0.163424777405473,-0.496963246150968,-0.608695652173913,0.633539012966554,1.4077999301111,1.5,0.457505033807097,0.416608749383937,0.411764705882353,0.184343006050869,0.0332943899220415,0,0.0609296087927944,0.0106713511316612,0,0.02289593104835,Inf,Inf,NA,1588.36149425287,1603.35,590.898709092325,-3105.90894026656,-3064.27657604758,928.389978265899,74.4634525153026,77.6478260869565,18.0558618695468,-145.304977946975,-146.391322108181,8.50581453619102,0.0479766333572233,0.0427371501430081,0.0202439786099196,0.0425100106299778,0.0376970918187129,0.0173493018636734
HJA_KC-2_2025,0.0614161474687693,0,0.167949446079873,0.172081887598541,0.0967741935483871,0.2128977672756,7.17427385892116,5,5.00944129366627,-0.775933609958506,-2,5.08916349336909,418.307465617433,408.766385917742,89.9662054692384,0.29004475601069,0.255139730230155,0.130174895312892,-0.593577136332638,-0.736842105263158,0.630365706941747,1.460528557087,1.57894736842105,0.403861930331566,0.398813294088267,0.388888888888889,0.163404249014607,0.0317016275644694,0,0.0662189658786644,0.00787584263723667,0,0.0211588867084218,Inf,Inf,NA,1591.71161825726,1618.2,533.498366240348,-3002.81458401093,-2995.55351591625,714.069493177762,77.2169483854802,81.3,17.9654226478398,-145.902364234671,-148.195954570567,8.76334218547501,0.0468121979815111,0.0416551544355244,0.0184889577813745,0.0417384613415477,0.0376718243700657,0.0157459999665559
HJA_KC-3_2025,0.125564439502734,0,0.217279638894121,0.228678180038379,0.130434782608696,0.254196556699383,8.22304832713755,7,5.70369646453912,0.695167286245353,1,6.57987765772036,431.526427324876,426.491704109192,115.249492355541,0.332308734603749,0.317042115349636,0.132529578498568,-0.502904529592218,-0.545454545454546,0.657982287613977,1.37999791127273,1.47619047619048,0.462392733681341,0.384875503186728,0.375,0.205642404979784,0.0497841624912836,0,0.0732330405093479,0.0203978258644421,0,0.030709597334899,Inf,2,NA,1536.47286245353,1571.1,606.983323592185,-2984.25252863533,-3004.71504598191,905.505959263217,74.6327790933782,75.8454545454546,18.7524951969984,-146.068477057709,-146.799676523454,9.93332336572776,0.0511767819110156,0.0440016714492041,0.0240087955611542,0.0451000478710313,0.0392132506385244,0.0204000906373594
HJA_72_2025,0.190536646977727,0,0.250999819363938,0.283688895317934,0.266666666666667,0.266396116187285,11.0265095729013,10,6.71254744908195,3.2120765832106,3,8.86571908448389,484.029622640079,480.626198845576,96.893555900908,0.385694002041827,0.372719643969447,0.123810927334303,-0.382534466718218,-0.418604651162791,0.615104810403792,1.2533122533573,1.23076923076923,0.445869630247104,0.366151891194767,0.333333333333333,0.23138440537447,0.0584872833313868,0.0476190476190476,0.0658764685749658,0.018061914494576,0,0.0236095838108873,Inf,2,NA,1720.32857142857,1671.9,737.874934028806,-3421.4780469947,-3274.49194946847,1049.67215363974,71.2022323014692,72.2302325581395,17.5304870965081,-144.02240464277,-144.646620010067,8.68881032355117,0.045576824740353,0.0413201023358734,0.0193578858426739,0.040192423312279,0.0365444608136577,0.0164989399142191
HJA_73_2025,0.110492352292426,0,0.243465498815201,0.221519688498288,0.142857142857143,0.253577682981084,8.44957264957265,6,7.30579175305296,0.309401709401709,-2,8.96062527350186,425.156606897608,416.617141030063,92.9276946806835,0.320316179314958,0.299487412999042,0.130297821975056,-0.447485839426593,-0.5,0.608528342853327,1.38676713033223,1.46666666666667,0.470409080802457,0.430066931215113,0.416666666666667,0.214357715693365,0.0301785577393995,0,0.0553398835286672,0.007808358307956,0,0.0200489713765076,Inf,Inf,NA,1512.01641025641,1494.3,555.776540912688,-2987.67421472731,-2835.19970894313,861.911409409198,73.0533464236579,74.55,17.3430577713198,-144.565280703845,-145.206492945112,8.20718446435659,0.0500577603804943,0.0452620576795643,0.0187234197612644,0.0442277592738857,0.0406227067597142,0.0158937095519024
HJA_55_2025,0.0766473275811846,0,0.18540819659882,0.188169732778777,0.111111111111111,0.225200381247953,7.73651452282158,6,5.70434734904729,-0.736514522821577,-2,5.66374789490531,433.702642323492,422.580957198061,104.659719922705,0.320179253271628,0.283856215658943,0.145056369854443,-0.584488110202158,-0.723636363636364,0.628507113002718,1.41884411649641,1.52941176470588,0.417667195134251,0.423737911963492,0.411764705882353,0.16998749553695,0.0183484437092335,0,0.0444037380327801,0.0176154343867445,0,0.0271932827554017,Inf,0,NA,1598.66203319502,1605,554.806501293712,-3059.19349754493,-3045.41508236402,788.787073532317,76.9579111407615,80.9236363636363,17.9124527205775,-147.236150727207,-148.059599292529,8.23485791666468,0.0466484707792874,0.0423674329006308,0.0194330474893896,0.0412738481524173,0.0378047924425701,0.0158708347354933
HJA_162_2025,0.0919495869437371,0,0.208054362668848,0.203676994025252,0.111111111111111,0.242625070692113,7.8951724137931,5,6.38930748539185,-0.346206896551724,-2,6.4162800177772,429.95760505887,416.510592573017,121.825725798498,0.319636320440141,0.283710341225742,0.153906045226837,-0.555035228723319,-0.666666666666667,0.64655783018569,1.4071191667558,1.5,0.452819033713854,0.423594549035373,0.421052631578947,0.173836859566239,0.0212737173645631,0,0.0477845857337992,0.0163189575502171,0,0.026529148229875,Inf,1,NA,1579.61048275862,1554.6,672.517636812345,-3035.63706663885,-2958.89967256102,985.498350545834,76.1185040186146,79.3,18.4268981602922,-146.73339308073,-147.554282673916,8.46788877214444,0.0492247086489007,0.0435872598930757,0.0218437768183029,0.0435262094036796,0.039031142173021,0.0184029934001875
HJA_192_2025,0.0846429763649386,0,0.196373967077861,0.199668307213327,0.134234234234234,0.225299180358925,8,6,6.2364825250869,-0.855022831050228,-2,6.82236556373172,445.487791869682,437.656518744903,109.290903725141,0.329559728491723,0.306904343430432,0.13451217483895,-0.534403185608998,-0.608695652173913,0.590342272144671,1.41456637190064,1.45454545454545,0.440446260963786,0.439554184542836,0.454545454545455,0.172791474641649,0.0201333312934711,0,0.0446035350665069,0.0154867397328716,0,0.0260266938149659,Inf,1,NA,1605.59143835616,1548,594.962729632982,-3109.6006093032,-2995.55351591625,891.069413813535,75.5304907898564,77.6478260869565,16.8247547561231,-146.384645721688,-146.627868873126,7.90858957135011,0.0471185154712554,0.0441767177389411,0.0180036110846108,0.0416360490692424,0.0397095807118308,0.0149637919996559
HJA_WS1-4_2025,0.044734686692593,0,0.130810410709013,0.176194610781461,0.130434782608696,0.188150514652267,7.08387096774194,6,4.48390005165722,-1.28774193548387,-1,4.10722460916909,412.935615967217,414.676604733423,100.53666558389,0.292771129557475,0.271856173349079,0.117958294862555,-0.490249227206761,-0.533333333333333,0.5464458757119,1.42821973495467,1.48,0.358835999876408,0.431824270405387,0.428571428571429,0.137141812292542,0.0262072688139659,0,0.0600888388269277,0.00350294191724571,0,0.0133427676206604,Inf,Inf,NA,1491.58761290323,1487.7,548.233870554443,-2887.61138556047,-2881.01508236402,793.44737219576,74.2721029753927,75.5,15.5737074577891,-144.581277926481,-145.196138453723,7.45968703498645,0.0511729103980934,0.0462488953035746,0.0197682122676765,0.0455631551380279,0.0416381830040898,0.0169916470852759
HJA_60_2025,0.122786863072066,0,0.231459210141726,0.254803482506264,0.2,0.246525619874202,9.59784560143627,8,6.72399298639984,1.02333931777379,-1,7.71836739885587,460.952026340333,448.680220472686,109.295712611731,0.34958945858992,0.32919853449539,0.137089440742392,-0.429607679442069,-0.476190476190476,0.617596061127548,1.30339514678362,1.30769230769231,0.442740136596473,0.409445118190515,0.416666666666667,0.188691225658539,0.027309504739454,0,0.0555085935362018,0.0110712786410306,0,0.0221771832946376,Inf,2,NA,1661.60305206463,1611.6,694.284778385543,-3280.26416150457,-3146.41511874613,1002.36907034267,72.543818864099,73.8714285714286,17.6014877421351,-144.749284934232,-145.196138453723,8.26502948311274,0.046572628264698,0.0422610060750558,0.0187958452597683,0.0410287929873034,0.0377409573197608,0.015757403644723
HJA_169_2025,0.138208895126288,0,0.243276694281421,0.219038151379759,0.102631578947369,0.276380057770831,7.21195652173913,6,5.84720459840304,1.93478260869565,2,5.9759158665669,422.618897800762,422.675931075833,69.689748090553,0.326754373151059,0.313740216044238,0.0945153756805407,-0.726511287716886,-0.904545454545455,0.770955469576952,1.4535182487598,1.53333333333333,0.497766054950041,0.278736198013507,0.235294117647059,0.166988204514938,0.0371997251604508,0,0.0709813172875151,0.0185604867221179,0,0.0291614206709577,Inf,2,NA,1663.11195652174,1804.5,558.971055360273,-3072.5041833372,-3214.29196765952,729.596807529526,81.0055716999312,86.0795454545455,21.9722308829431,-150.798694514513,-153.717136998438,12.6994799937302,0.045359825662116,0.0374258302922102,0.0217350533421202,0.0401248041454092,0.0333751114182978,0.0189088160882835
HJA_58_2025,0.210277121702942,0.117647058823529,0.243548425755031,0.302544343673037,0.26984126984127,0.264343770538627,10.4521212121212,10,6.10649411476334,3.86666666666667,5,6.96326468089367,449.222361023668,432.591704736919,103.924192170921,0.341275339968752,0.314973396453297,0.124435214465709,-0.306071554633764,-0.363636363636363,0.613198822503,1.28156193886697,1.3,0.46775226198215,0.314142874486234,0.277777777777778,0.183322434253343,0.110256037097975,0.117647058823529,0.0798205436249474,0.00840503604594046,0,0.0196496324986458,Inf,Inf,NA,1524.12327272727,1440.6,668.390637165817,-3081.70736036173,-2862.15358868046,959.941792142676,69.0230393070623,70.6636363636364,17.4761664413355,-140.409271856219,-140.368254800366,10.2798679892214,0.0487796047052275,0.0479348894154652,0.0156157533703686,0.0437889138271559,0.042823232922916,0.0135274719639032
HJA_155_2025,0.115449124056054,0,0.213830112417708,0.24569733558448,0.188797493145319,0.241599775559995,9.05376344086022,8,6.31546974099863,0.750537634408602,-1,6.73040149911363,448.469691795672,436.625569088341,110.703527325087,0.346437236585746,0.324335317377376,0.145282580734412,-0.453375421729998,-0.444444444444445,0.636107820895055,1.32680585459177,1.33333333333333,0.453758554722541,0.406663805262704,0.411764705882353,0.181975306602583,0.030501473982167,0,0.058932940179964,0.0135582767003207,0,0.0230016240743075,Inf,2,NA,1595.45387096774,1557.9,658.146917951704,-3145.77850164054,-3066.29967256102,946.15269022547,73.2211995193049,72.9666666666667,18.1290728955091,-145.253823113696,-144.95190803432,8.82419744645936,0.0480314617162145,0.0442220440433261,0.0189041930422989,0.0423428079775991,0.0391290916635489,0.0160516277958294
HJA_74_2025,0.101049093336851,0,0.195039647904661,0.204532254068131,0.151515151515152,0.23001693247466,7.36203090507726,6,5.55037807282127,0.902869757174393,0,5.531831912906,385.155124470524,358.806473828328,125.733925120164,0.286376633229216,0.246573821834886,0.150246624479981,-0.511416020656237,-0.571428571428571,0.64116489332956,1.41607935674393,1.47368421052632,0.409973677264498,0.360537363285621,0.347826086956522,0.191618754954175,0.0551429710097457,0,0.0779830351693165,0.00880718005103017,0,0.02307593146787,Inf,Inf,NA,1387.86754966887,1414.2,552.552756086517,-2691.21700074102,-2622.9612390088,883.46612095067,74.8753565887028,76.5857142857143,18.2731994598925,-145.06996008933,-145.615961907685,9.66436340799291,0.0558776288429375,0.0485736710424676,0.0245855150382477,0.0496888857785898,0.0436948646973359,0.0209803076687572
HJA_190_2025,0.136230619367373,0,0.229795759747515,0.235060239351584,0.18065268065268,0.257250182610869,8.41346153846154,7.5,5.90592472197767,1.8974358974359,2,5.25452429422289,440.828566775182,416.733653904314,136.734203692496,0.350920404305394,0.319600092254035,0.157454379979592,-0.528673455217969,-0.666666666666667,0.746445387166855,1.36864326329338,1.42640692640693,0.469973074855383,0.309903698441516,0.25,0.204086697406829,0.0488718275331628,0,0.0736803816258745,0.012178380062014,0,0.0251316065143275,Inf,Inf,NA,1571.73557692308,1559.55,639.264054090639,-3068.28865427285,-3005.72659423863,957.840830823238,75.3671934737121,79.3,21.2736935342554,-147.23076251056,-149.46326608047,11.3702984851229,0.0488794325359852,0.0431441540038051,0.0228187869710926,0.0431313401373528,0.0385064321576646,0.0195917315002632
HJA_67_2025,0.10435533860734,0,0.217067839687651,0.207640835534353,0.0909090909090909,0.256509371060945,8.29137529137529,6,6.58775735253888,-0.578088578088578,-2,6.99409531212767,465.621582700981,456.770392362252,118.198320642184,0.348114268715474,0.316113000538678,0.155281146933836,-0.533224232104183,-0.7,0.674750506997311,1.41301232508973,1.52941176470588,0.485537407541467,0.423569089852923,0.428571428571429,0.184598703607674,0.0302978344463058,0,0.0576879079852568,0.0176910211381923,0,0.0257779562704437,Inf,1,NA,1672.0986013986,1658.7,689.849242671804,-3229.46497852064,-3129.90739565358,961.055596715749,75.4968906149692,80.25,19.2303894494234,-146.383350328608,-147.908890827329,9.22371383637145,0.0455394598862305,0.0413201023358734,0.01925755789368,0.0402543988333198,0.0371834725378146,0.0163340952727336
