#Columns,8,,,,,,,
#Header_Rows,12,,,,,,,
Field_Name,Sample_Name,IGSN,Material,Mean_Extractable_NPOC_mg_per_L,Mean_Extractable_TN_mg_per_L,Mean_Extractable_NPOC_mg_per_kg,Mean_Extractable_TN_mg_per_kg,Mean_Missing_Reps
Unit,N/A,N/A,N/A,milligrams per liter,milligrams per liter,milligrams per kilogram,milligrams per kilogram,N/A
Unit_Basis,N/A,N/A,N/A,as extractable dissolvable Carbon,as extractable dissolvable Nitrogen,as extractable milligrams Carbon per kilogram dry sediment,as extractable milligrams Nitrogen per kilogram dry sediment,N/A
MethodID_Analysis,N/A,N/A,N/A,NPOC_T_AN_015,TN_T_AN_013,NPOC_T_AN_015,TN_T_AN_013,N/A
MethodID_Inspection,N/A,N/A,N/A,NPOC_T_IN_015,TN_T_IN_013,NPOC_T_IN_015,TN_T_IN_013,N/A
MethodID_Storage,N/A,N/A,N/A,NPOC_T_ST_015,TN_T_ST_013,NPOC_T_ST_015,TN_T_ST_013,N/A
MethodID_Preservation,N/A,N/A,N/A,NPOC_T_PRES_015,TN_T_PRES_013,NPOC_T_PRES_015,TN_T_PRES_013,N/A
MethodID_Preparation,N/A,N/A,N/A,NPOC_T_PREP_015,TN_T_PREP_013,NPOC_T_PREP_015,TN_T_PREP_013,N/A
MethodID_DataProcessing,N/A,N/A,N/A,NPOC_T_DP_015,TN_T_DP_013,NPOC_T_DP_015,TN_T_DP_013,N/A
Analysis_DetectionLimit,-9999,-9999,-9999,0.33,0.03,-9999,-9999,N/A
Analysis_Precision,-9999,-9999,-9999,0.004,0.005,-9999,-9999,N/A
Data_Status,N/A,N/A,N/A,ready_to_use,ready_to_use,ready_to_use,ready_to_use,N/A
#Start_Data,HJW_01_Sediment,10.58052/IEWDR02B5,Sediment,3.337,0.573,8.253,1.507,FALSE
N/A,HJW_02_Sediment,10.58052/IEWDR02B6,Sediment,6.917,0.987,29.453,4.183,FALSE
N/A,HJW_03_Sediment,10.58052/IEWDR02B7,Sediment,9.58,1.14,34.273,4.09,FALSE
N/A,HJW_04_Sediment,10.58052/IEWDR02B8,Sediment,4.265,0.65,13.585,2.067,TRUE
N/A,HJW_05_Sediment,10.58052/IEWDR02B9,Sediment,4.677,0.73,15.27,2.387,FALSE
N/A,HJW_06_Sediment,10.58052/IEWDR02BA,Sediment,15.54,1.637,82.317,8.7,FALSE
N/A,HJW_07_Sediment,10.58052/IEWDR02BB,Sediment,4.71,0.67,16.03,2.243,TRUE
N/A,HJW_08_Sediment,10.58052/IEWDR02BC,Sediment,5.767,0.797,18.767,2.597,FALSE
N/A,HJW_09_Sediment,10.58052/IEWDR02BD,Sediment,6.95,0.743,22.935,2.443,TRUE
N/A,HJW_10_Sediment,10.58052/IEWDR02BE,Sediment,13.377,1.93,77.03,11.11,FALSE
N/A,HJW_11_Sediment,10.58052/IEWDR02BF,Sediment,9.333,1.29,41.09,5.68,FALSE
N/A,HJW_12_Sediment,10.58052/IEWDR02BG,Sediment,8.39,1.185,32.3,4.56,TRUE
N/A,HJW_13_Sediment,10.58052/IEWDR02BH,Sediment,4.97,0.657,18.435,2.367,TRUE
N/A,HJW_14_Sediment,10.58052/IEWDR02BI,Sediment,7.04,0.967,23.303,3.2,FALSE
N/A,HJW_15_Sediment,10.58052/IEWDR02BJ,Sediment,11.89,1.49,38.83,4.86,TRUE
N/A,HJW_16_Sediment,10.58052/IEWDR02BK,Sediment,12.167,1.537,46.593,5.927,FALSE
N/A,HJW_17_Sediment,10.58052/IEWDR02BL,Sediment,9.57,1.433,41.04,6.123,FALSE
N/A,HJW_18_Sediment,10.58052/IEWDR02BM,Sediment,10.68,1.693,51.647,8.183,FALSE
N/A,HJW_19_Sediment,10.58052/IEWDR02BN,Sediment,4.78,0.73,16.227,2.477,FALSE
N/A,HJW_20_Sediment,10.58052/IEWDR02BO,Sediment,10.003,1.113,37.173,4.15,FALSE
N/A,HJW_21_Sediment,10.58052/IEWDR02BP,Sediment,6.713,0.863,27.1,3.48,FALSE
N/A,HJW_22_Sediment,10.58052/IEWDR02BQ,Sediment,7.44,0.657,26.16,2.307,FALSE
N/A,HJW_23_Sediment,10.58052/IEWDR02BR,Sediment,12.023,1.18,43.263,4.25,FALSE
N/A,HJW_24_Sediment,10.58052/IEWDR02BS,Sediment,11.48,1.573,39.497,5.417,FALSE
N/A,HJW_25_Sediment,10.58052/IEWDR02BT,Sediment,8.23,1.047,39.453,5.027,FALSE
N/A,HJW_26_Sediment,10.58052/IEWDR02BU,Sediment,8.803,1.05,31.88,3.817,FALSE
N/A,HJW_27_Sediment,10.58052/IEWDR02BV,Sediment,-9999,-9999,-9999,-9999,TRUE
N/A,HJW_28_Sediment,10.58052/IEWDR02BW,Sediment,6.293,0.807,27.64,3.593,FALSE
N/A,HJW_29_Sediment,10.58052/IEWDR02BX,Sediment,8.247,1.203,29.483,4.303,FALSE
N/A,HJW_30_Sediment,10.58052/IEWDR02BY,Sediment,10.59,1.55,44.663,6.56,FALSE
N/A,HJW_31_Sediment,10.58052/IEWDR02BZ,Sediment,10.975,1.24,40.58,4.585,TRUE
N/A,HJW_32_Sediment,10.58052/IEWDR02C0,Sediment,7.26,0.625,21.395,1.855,TRUE
N/A,HJW_33_Sediment,10.58052/IEWDR02C1,Sediment,15.437,2.213,62.063,8.907,FALSE
N/A,HJW_34_Sediment,10.58052/IEWDR02C2,Sediment,13.607,1.517,61.243,6.847,TRUE
N/A,HJW_35_Sediment,10.58052/IEWDR02C3,Sediment,12.077,1.557,48.537,6.243,FALSE
N/A,HJW_36_Sediment,10.58052/IEWDR02C4,Sediment,10.763,1.297,42.867,5.213,FALSE
N/A,HJW_37_Sediment,10.58052/IEWDR02C5,Sediment,13.54,1.007,46.943,3.493,FALSE
N/A,HJW_38_Sediment,10.58052/IEWDR02C6,Sediment,12.767,1.777,45.55,6.34,FALSE
N/A,HJW_39_Sediment,10.58052/IEWDR02C7,Sediment,5.06,0.71,15.857,2.217,FALSE
N/A,HJW_40_Sediment,10.58052/IEWDR02C8,Sediment,5.053,0.593,17.29,2.027,FALSE
N/A,HJW_41_Sediment,10.58052/IEWDR02C9,Sediment,6.22,0.825,23.99,3.185,TRUE
N/A,HJW_42_Sediment,10.58052/IEWDR02CA,Sediment,7.637,0.713,28.863,2.703,FALSE
N/A,HJW_43_Sediment,10.58052/IEWDR02CB,Sediment,11.747,1.15,48.25,4.72,TRUE
N/A,HJW_44_Sediment,10.58052/IEWDR02CC,Sediment,9.393,1.093,34.363,4.007,FALSE
N/A,HJW_45_Sediment,10.58052/IEWDR02CD,Sediment,4.917,0.72,18.333,2.683,FALSE
N/A,HJW_46_Sediment,10.58052/IEWDR02CE,Sediment,23.527,2.353,99.893,9.99,FALSE
N/A,HJW_47_Sediment,10.58052/IEWDR02CF,Sediment,24.833,2.86,190.553,22.143,FALSE
N/A,HJW_48_Sediment,10.58052/IEWDR02CG,Sediment,5.82,0.943,19,3.083,FALSE
#End_Data,,,,,,,,
